fighter,fights,wins,losses,draws,ncs,knockdowns,strikes,takedowns,submissions
Manel Kape,10,7,3,0,0,7,561,3,2
Brandon Royval,12,7,5,0,0,3,768,6,10
Kevin Vallejos,3,3,0,0,0,2,124,2,0
Giga Chikadze,12,8,4,0,0,6,589,2,2
Cezary Oleksiejczuk,1,1,0,0,0,0,14,6,0
Cesar Almeida,5,3,2,0,0,1,176,0,1
Melquizael Costa,8,6,2,0,0,1,343,10,6
Morgan Charriere,6,3,3,0,0,3,205,7,1
Kennedy Nzechukwu,15,8,6,0,1,3,624,5,2
Marcus Buchecha,2,0,1,0,1,0,51,4,0
King Green,28,14,12,0,2,5,1938,23,5
Lance Gibson Jr.,1,0,1,0,0,0,30,2,0
Yaroslav Amosov,1,1,0,0,0,0,9,1,1
Neil Magny,37,24,13,0,0,2,1506,64,8
Joanderson Brito,9,6,3,0,0,1,183,18,7
Isaac Thomson,1,0,1,0,0,0,21,4,0
Steven Asplund,1,1,0,0,0,0,170,0,0
Sean Sharaf,2,0,2,0,0,0,119,1,0
Luana Santos,6,5,1,0,0,0,186,9,5
Melissa Croden,2,1,1,0,0,1,121,2,0
Guilherme Pat,1,1,0,0,0,0,64,0,0
Allen Frye Jr.,1,0,1,0,0,0,33,0,0
Jamey-Lyn Horth,6,4,2,0,0,0,280,6,1
Tereza Bleda,3,1,2,0,0,0,77,4,2
Petr Yan,16,12,4,0,0,10,1456,32,2
Merab Dvalishvili,17,14,3,0,0,1,1322,119,7
Joshua Van,10,9,1,0,0,5,1099,7,0
Alexandre Pantoja,18,14,4,0,0,4,941,40,14
Tatsuro Taira,9,8,1,0,0,3,282,20,10
Brandon Moreno,19,11,6,0,2,4,1229,31,9
Payton Talbott,6,5,1,0,0,3,362,4,1
Henry Cejudo,16,10,6,0,0,5,838,26,2
Jan Blachowicz,22,12,8,0,2,7,1037,19,7
Bogdan Guskov,6,4,1,0,1,4,199,0,2
Manuel Torres,6,5,1,0,0,4,102,2,1
Grant Dawson,14,11,2,0,1,1,493,40,10
Chris Duncan,7,6,1,0,0,2,294,13,3
Terrance McKinney,12,7,5,0,0,3,216,6,5
Maycee Barber,12,10,2,0,0,0,630,15,1
Karine Silva,7,5,2,0,0,1,182,12,6
Fares Ziam,10,8,2,0,0,2,373,15,4
Nazim Sadykhov,6,4,1,0,1,2,273,5,1
Brunno Ferreira,8,6,2,0,0,3,208,5,3
Marvin Vettori,18,9,8,0,1,1,1464,29,8
Jalin Turner,14,8,6,0,0,9,511,4,7
Edson Barboza,32,18,14,0,0,16,1586,11,2
Iwo Baraniewski,1,1,0,0,0,2,22,0,0
Ibo Aslan,5,2,3,0,0,2,175,0,0
Mansur Abdul-Malik,4,3,0,0,1,1,85,2,1
Antonio Trocoli,3,0,3,0,0,0,21,0,0
Mairon Santos,4,4,0,0,0,2,156,0,0
Muhammad Naimov,7,5,2,0,0,1,175,9,1
Arman Tsarukyan,12,10,2,0,0,3,567,32,1
Dan Hooker,23,14,9,0,0,9,1141,11,7
Ian Machado Garry,11,10,1,0,0,4,775,10,4
Belal Muhammad,21,15,5,0,1,0,1429,46,3
Volkan Oezdemir,16,9,7,0,0,7,751,5,1
Alonzo Menifield,17,10,6,0,1,5,545,5,2
Myktybek Orolbai,5,4,1,0,0,2,151,17,2
Jack Hermansson,19,11,8,0,0,0,1048,20,5
Waldo Cortes Acosta,11,9,2,0,0,5,661,3,1
Shamil Gaziev,5,3,2,0,0,1,122,3,0
Kyoji Horiguchi,9,8,1,0,0,6,455,15,1
Tagir Ulanbekov,8,6,2,0,0,1,298,18,10
Luke Riley,1,1,0,0,0,1,14,0,0
Bogdan Grad,3,1,2,0,0,0,84,10,0
Nicolas Dalby,15,8,5,0,2,2,772,12,1
Saygid Izagakhmaev,1,0,1,0,0,0,20,4,0
Asu Almabayev,7,6,1,0,0,1,210,27,9
Alex Perez,13,7,6,0,0,4,397,15,4
Abdul Rakhman Yakhyaev,1,1,0,0,0,1,6,1,1
Rafael Cerqueira,4,0,4,0,0,0,29,0,0
Aleksandre Topuria,2,2,0,0,0,0,88,3,0
Bekzat Almakhan,3,1,2,0,0,2,50,0,0
Ismail Naurdiev,7,4,3,0,0,1,335,9,1
Ryan Loder,3,1,2,0,0,0,56,1,1
Nurullo Aliev,3,3,0,0,0,0,105,6,1
Shem Rock,1,0,1,0,0,0,44,1,0
Denzel Freeman,1,1,0,0,0,0,49,0,0
Marek Bujlo,1,0,1,0,0,0,31,0,0
Islam Makhachev,18,17,1,0,0,4,485,41,13
Jack Della Maddalena,9,8,1,0,0,6,559,1,1
Valentina Shevchenko,19,15,3,0,1,2,1100,64,7
Zhang Weili,13,10,3,0,0,3,929,26,6
Michael Morales,7,7,0,0,0,7,356,1,0
Sean Brady,10,8,2,0,0,1,522,31,8
Carlos Prates,7,6,1,0,0,9,235,1,0
Leon Edwards,20,14,5,0,1,5,873,28,8
Benoit Saint Denis,11,8,3,0,0,5,386,22,8
Beneil Dariush,25,17,7,0,1,7,833,31,12
Bo Nickal,6,5,1,0,0,2,155,7,5
Rodolfo Vieira,10,6,4,0,0,0,354,18,6
Gregory Rodrigues,12,9,3,0,0,7,640,15,3
Roman Kopylov,11,6,5,0,0,6,607,10,0
Erin Blanchfield,9,8,1,0,0,0,643,16,7
Tracy Cortez,8,6,2,0,0,0,473,16,3
Ethyn Ewing,1,1,0,0,0,0,85,3,0
Malcolm Wellmaker,3,2,1,0,0,2,108,0,0
Kyle Daukaus,9,4,4,0,1,2,195,9,7
Gerald Meerschaert,25,12,13,0,0,3,620,25,19
Pat Sabatini,10,8,2,0,0,1,153,27,9
Chepe Mariscal,6,5,1,0,0,0,345,13,1
Fatima Kline,4,3,1,0,0,1,261,7,0
Angela Hill,29,13,16,0,0,3,2242,21,4
Baisangur Susurkaev,2,2,0,0,0,1,89,4,1
Eric McConico,3,1,2,0,0,0,84,0,0
Matheus Camilo,2,1,1,0,0,0,52,7,1
Viacheslav Borshchev,10,3,6,0,1,4,550,0,1
Gabriel Bonfim,7,6,1,0,0,1,262,14,5
Randy Brown,21,14,7,0,0,6,970,11,8
Joseph Morales,5,3,2,0,0,1,79,3,8
Matt Schnell,16,7,8,0,1,1,506,5,10
Uros Medic,9,6,3,0,0,7,203,1,0
Muslim Salikhov,14,9,5,0,0,5,427,9,0
Chris Padilla,4,4,0,0,0,0,183,3,1
Ismael Bonfim,5,2,3,0,0,1,227,3,0
Christian Leroy Duncan,8,6,2,0,0,3,347,2,0
Marco Tulio,3,2,1,0,0,3,183,2,0
Jamall Emmers,9,5,4,0,0,3,422,16,2
Hyder Amil,5,3,2,0,0,1,286,2,2
Raoni Barcelos,14,10,4,0,0,5,897,27,7
Ricky Simon,16,10,6,0,0,5,607,53,4
Jacqueline Cavalcanti,5,5,0,0,0,0,424,0,0
Mayra Bueno Silva,13,5,6,0,2,0,542,5,12
Josh Hokit,1,1,0,0,0,2,9,0,0
Max Gimenis,1,0,1,0,0,0,3,0,0
Denise Gomes,8,6,2,0,0,3,356,10,5
Tecia Pennington,19,11,8,0,0,1,1257,10,1
Daniel Marcos,7,5,1,0,1,2,410,9,1
Miles Johns,12,6,5,0,1,2,504,11,0
Zach Reese,7,4,2,0,1,1,182,10,3
Jackson McVey,2,0,2,0,0,0,60,0,0
Steve Garcia,10,8,2,0,0,8,292,4,2
David Onama,9,6,3,0,0,4,509,7,3
Ante Delija,2,1,1,0,0,1,29,0,0
Jeremiah Wells,7,5,2,0,0,2,161,14,6
Themba Gorimbo,7,4,3,0,0,2,185,23,2
Yadier del Valle,2,2,0,0,0,0,10,1,4
Isaac Dulgarian,4,2,2,0,0,0,98,10,4
Charles Radtke,6,4,2,0,0,2,127,4,2
Daniel Frunza,2,0,2,0,0,0,49,0,0
Allan Nascimento,5,4,1,0,0,0,114,5,5
Cody Durden,14,6,7,0,1,1,482,35,6
Billy Elekana,3,2,1,0,0,1,72,1,1
Kevin Christian,1,0,1,0,0,0,14,0,0
Timmy Cuamba,4,2,2,0,0,1,148,6,0
ChangHo Lee,3,2,1,0,0,0,143,7,1
Donte Johnson,1,1,0,0,0,0,10,3,1
Sedriques Dumas,8,3,4,0,1,0,132,5,0
Norma Dumont,11,9,2,0,0,2,636,17,0
Ketlen Vieira,14,9,5,0,0,0,591,19,8
Alice Ardelean,4,2,2,0,0,0,441,4,0
Montserrat Conejo Ruiz,5,1,4,0,0,0,114,6,2
Seokhyeon Ko,2,2,0,0,0,0,69,10,1
Phil Rowe,8,4,4,0,0,3,316,4,2
Talita Alencar,4,3,1,0,0,0,182,11,3
Ariane Carnelossi,6,3,3,0,0,0,182,5,1
Tom Aspinall,10,8,1,0,1,5,175,4,2
Ciryl Gane,13,10,2,0,1,3,929,8,7
Mackenzie Dern,16,11,5,0,0,2,786,14,16
Virna Jandiroba,12,8,4,0,0,1,367,30,16
Umar Nurmagomedov,8,7,1,0,0,1,455,32,2
Mario Bautista,13,10,3,0,0,2,735,13,7
Alexander Volkov,18,13,5,0,0,4,1162,10,2
Jailton Almeida,10,8,2,0,0,0,186,34,10
Azamat Murzakanov,6,6,0,0,0,6,249,2,0
Aleksandar Rakic,11,6,5,0,0,4,485,5,1
Quillan Salkilld,3,3,0,0,0,2,99,8,0
Nasrat Haqparast,15,10,5,0,0,7,1120,4,0
Ikram Aliskerov,5,4,1,0,0,3,186,5,0
JunYong Park,13,9,4,0,0,1,742,18,9
Ludovit Klein,12,8,3,0,1,5,576,14,0
Mateusz Rebecki,7,4,3,0,0,4,462,18,2
Valter Walker,5,4,1,0,0,0,47,9,4
Louie Sutherland,1,0,1,0,0,0,3,0,0
Nathaniel Wood,13,10,3,0,0,5,1002,17,6
Jose Delgado,3,2,1,0,0,3,164,0,0
Hamdy Abdelwahab,4,2,1,0,1,1,256,13,0
Chris Barnett,6,2,4,0,0,1,178,0,0
Mitch Raposo,3,1,2,0,0,0,71,7,0
Azat Maksum,4,1,3,0,0,1,165,14,1
Mizuki,4,3,1,0,0,1,267,3,0
Jaqueline Amorim,6,4,2,0,0,0,135,8,14
Brendan Allen,18,14,4,0,0,3,745,21,15
Reinier de Ridder,5,4,1,0,0,2,148,12,3
Mike Malott,7,6,1,0,0,3,245,8,3
Kevin Holland,28,15,12,0,1,7,1232,17,11
Aiemann Zahabi,10,8,2,0,0,3,550,1,0
Marlon Vera,25,15,10,0,0,13,1438,11,18
Manon Fiorot,9,8,1,0,0,1,726,9,0
Jasmine Jasudavicius,11,8,3,0,0,1,487,22,6
Charles Jourdain,16,8,7,0,1,7,991,4,8
Davey Grant,15,8,7,0,0,4,901,12,2
Kyle Nelson,11,5,5,0,1,1,412,9,4
Matt Frevola,12,5,6,0,1,6,340,15,4
Drew Dober,26,14,11,0,1,9,972,9,1
Kyle Prepolec,4,0,4,0,0,0,159,0,0
Aoriqileng,9,4,4,0,1,3,411,7,0
Cody Gibson,10,3,7,0,0,2,359,14,4
Bruno Silva,21,9,11,0,1,9,775,21,2
HyunSung Park,5,3,2,0,0,2,136,3,4
Djorden Santos,2,1,1,0,0,0,230,1,0
Danny Barlow,4,2,2,0,0,1,250,0,0
Stephanie Luciano,3,2,1,0,0,1,214,4,1
Ravena Oliveira,2,0,2,0,0,0,39,2,0
Yousri Belgaroui,1,1,0,0,0,0,102,1,0
Azamat Bekoev,3,2,1,0,0,2,68,5,0
Tainara Lisboa,4,2,2,0,0,0,108,6,1
Charles Oliveira,36,24,11,0,1,8,904,40,47
Mateusz Gamrot,12,8,4,0,0,1,480,50,1
Deiveson Figueiredo,20,14,5,0,1,12,701,29,22
Montel Jackson,12,9,3,0,0,11,378,25,3
Joel Alvarez,10,8,2,0,0,1,376,1,6
Vicente Luque,24,16,8,0,0,10,1123,14,10
Mario Pinto,2,2,0,0,0,1,42,3,2
Jhonata Diniz,5,3,2,0,0,1,207,0,0
Kaan Ofli,3,1,2,0,0,0,44,1,1
Ricardo Ramos,15,8,7,0,0,3,400,23,9
Michael Aswell Jr.,2,1,1,0,0,2,148,0,0
Lucas Almeida,6,2,4,0,0,3,240,0,0
Jafel Filho,5,3,2,0,0,0,70,7,7
Clayton Carpenter,4,2,2,0,0,0,86,3,4
Vitor Petrino,8,6,2,0,0,3,202,18,5
Thomas Petersen,5,2,3,0,0,0,197,13,1
Bia Mesquita,1,1,0,0,0,0,36,2,1
Irina Alekseeva,4,1,3,0,0,1,135,1,1
Lucas Rocha,2,1,1,0,0,0,132,3,0
Stewart Nicoll,2,0,2,0,0,0,53,3,0
Julia Polastri,4,2,2,0,0,0,376,3,1
Karolina Kowalkiewicz,19,9,10,0,0,0,1394,6,3
Luan Lacerda,3,1,2,0,0,0,132,5,2
Saimon Oliveira,4,0,4,0,0,0,86,1,4
Alex Pereira,12,10,2,0,0,7,685,1,2
Magomed Ankalaev,16,12,2,0,2,7,690,10,0
Cory Sandhagen,16,11,5,0,0,4,1144,18,4
Jiri Prochazka,8,6,2,0,0,5,504,3,1
Khalil Rountree Jr.,18,10,7,0,1,14,680,0,1
Youssef Zalal,12,8,3,0,1,2,419,20,13
Josh Emmett,16,10,6,0,0,12,772,15,1
Joe Pyfer,7,6,1,0,0,5,217,4,4
Abus Magomedov,7,4,3,0,0,1,229,13,2
Ateba Gautier,3,3,0,0,0,3,53,1,0
Tre'ston Vines,1,0,1,0,0,0,0,0,0
Daniel Santos,5,4,1,0,0,2,285,12,0
JooSang Yoo,2,1,1,0,0,1,37,0,0
Jakub Wiklacz,1,1,0,0,0,0,46,0,3
Patchy Mix,2,0,2,0,0,0,159,5,0
Edmen Shahbazyan,14,9,5,0,0,7,403,12,3
Andre Muniz,10,6,4,0,0,0,170,25,7
Punahele Soriano,10,6,4,0,0,6,450,10,1
Nikolay Veretennikov,4,1,3,0,0,0,120,2,2
Yana Santos,12,7,5,0,0,1,677,8,1
Macy Chiasson,13,8,5,0,0,2,482,19,4
Farid Basharat,5,5,0,0,0,0,205,16,2
Chris Gutierrez,15,10,4,0,1,6,895,4,1
Ramiz Brahimaj,8,5,3,0,0,1,134,7,8
Austin Vanderford,2,1,1,0,0,0,44,5,1
Veronica Hardy,10,5,5,0,0,1,390,7,3
Brogan Walker,3,0,3,0,0,0,81,3,0
Carlos Ulberg,10,9,1,0,0,6,526,3,1
Dominick Reyes,14,9,5,0,0,7,554,2,2
Jimmy Crute,12,6,4,0,2,4,275,24,11
Ivan Erslan,3,0,3,0,0,0,85,1,0
Jack Jenkins,6,4,2,0,0,3,354,8,1
Ramon Taveras,3,1,2,0,0,1,174,0,0
Jake Matthews,23,15,8,0,0,5,870,25,13
Tom Nolan,5,4,1,0,0,0,224,2,5
Charlie Campbell,3,2,1,0,0,1,112,4,0
Navajo Stirling,3,3,0,0,0,1,269,4,0
Rodolfo Bellato,4,1,1,0,2,0,222,5,0
Cam Rowston,1,1,0,0,0,1,12,0,0
Andre Petroski,12,8,4,0,0,1,362,27,11
Jamie Mullarkey,12,6,6,0,0,2,499,19,1
Rolando Bedoya,4,0,4,0,0,0,374,0,1
Colby Thicknesse,2,1,1,0,0,0,100,2,1
Josias Musasa,2,0,2,0,0,0,56,1,0
Michelle Montague,1,1,0,0,0,0,41,5,0
Luana Carolina,10,6,4,0,0,1,604,3,5
Brando Pericic,1,1,0,0,0,0,29,0,0
Elisha Ellison,1,0,1,0,0,0,3,0,0
Alexia Thainara,2,2,0,0,0,0,55,6,3
Loma Lookboonmee,10,7,3,0,0,0,516,17,1
Diego Lopes,8,6,2,0,0,5,368,5,8
Jean Silva,6,5,1,0,0,5,200,1,3
David Martinez,2,2,0,0,0,1,89,0,0
Rob Font,20,12,8,0,0,7,1411,13,6
Rafa Garcia,10,6,4,0,0,1,578,28,4
Jared Gordon,17,9,7,0,1,2,1043,22,0
Kelvin Gastelum,25,14,10,0,1,10,1260,23,2
Dustin Stoltzfus,10,3,7,0,0,2,340,14,7
Alexander Hernandez,17,10,7,0,0,6,739,13,1
Diego Ferreira,17,10,7,0,0,3,776,9,6
Santiago Luna,1,1,0,0,0,2,15,0,0
Quang Le,4,1,3,0,0,0,102,7,1
Dusko Todorovic,10,4,6,0,0,0,298,10,2
Jose Daniel Medina,3,0,3,0,0,0,58,1,0
Joaquim Silva,12,7,5,0,0,4,449,3,7
Claudio Puelles,9,5,4,0,0,0,161,23,7
Tatiana Suarez,9,8,1,0,0,0,311,31,4
Amanda Lemos,14,9,5,0,0,6,403,10,7
Jesus Aguilar,6,4,2,0,0,1,146,4,5
Luis Gurule,2,0,2,0,0,0,77,1,0
Alden Coria,1,1,0,0,0,0,42,2,0
Alessandro Costa,5,2,3,0,0,2,194,2,2
Montse Rendon,3,2,1,0,0,0,139,6,1
Alice Pereira,1,0,1,0,0,0,37,0,0
Daniil Donchenko,1,1,0,0,0,1,39,1,0
Rodrigo Sezinando,1,0,1,0,0,0,10,1,0
Nassourdine Imavov,12,9,2,0,1,2,784,9,12
Caio Borralho,8,7,1,0,0,3,402,9,4
Mauricio Ruffy,4,3,1,0,0,3,101,0,0
Modestas Bukauskas,11,7,4,0,0,1,335,2,1
Paul Craig,21,9,10,0,2,1,421,16,15
Mason Jones,6,3,2,0,1,1,431,21,1
Bolaji Oki,4,2,2,0,0,1,262,3,0
Axel Sola,1,1,0,0,0,1,45,1,0
Rhys McKee,6,1,5,0,0,3,307,0,0
William Gomis,6,5,1,0,0,0,304,5,2
Robert Ruchala,1,0,1,0,0,0,34,2,0
Oumar Sy,4,3,1,0,0,0,141,7,1
Brendson Ribeiro,6,2,4,0,0,1,121,3,2
Marcin Tybura,23,14,9,0,0,1,895,23,2
Kaue Fernandes,4,3,1,0,0,4,163,3,0
Harry Hardwick,1,0,1,0,0,0,8,0,0
Sam Patterson,5,4,1,0,0,1,59,2,2
Trey Waters,3,2,1,0,0,0,218,1,1
Robert Bryczek,2,1,1,0,0,1,100,1,0
Brad Tavares,27,16,11,0,0,4,1195,17,0
Rinat Fakhretdinov,7,6,0,0,1,3,386,20,1
Andreas Gustafsson,2,1,1,0,0,0,103,8,0
Sam Hughes,11,6,5,0,0,0,633,12,2
Shauna Bannon,4,2,2,0,0,0,196,0,2
Johnny Walker,15,8,6,0,1,5,359,2,3
Zhang Mingyang,4,3,1,0,0,2,117,0,0
Aljamain Sterling,22,17,5,0,0,0,1361,50,13
Brian Ortega,14,8,5,0,1,5,742,12,12
Sergei Pavlovich,11,8,3,0,0,7,278,2,0
Sumudaerji,9,5,4,0,0,2,431,1,4
Kevin Borjas,4,1,3,0,0,1,192,0,0
Taiyilake Nueraji,1,1,0,0,0,0,27,1,0
Kiefer Crosbie,3,0,3,0,0,0,50,0,0
Gauge Young,2,1,1,0,0,0,193,3,0
Maheshate,6,2,4,0,0,2,283,0,0
Charles Johnson,12,7,5,0,0,4,754,6,4
Lone'er Kavanagh,3,2,1,0,0,0,168,5,1
Rongzhu,6,3,3,0,0,2,451,10,0
Austin Hubbard,12,4,8,0,0,0,622,17,1
Michel Pereira,14,9,5,0,0,3,654,11,7
Yizha,3,1,2,0,0,2,78,5,0
Westin Wilson,4,1,3,0,0,0,15,1,5
SuYoung You,3,3,0,0,0,0,118,7,1
Xiao Long,3,1,2,0,0,1,223,2,0
Uran Satybaldiev,2,1,1,0,0,1,38,0,2
Diyar Nurgozhay,2,0,2,0,0,0,24,3,0
Khamzat Chimaev,9,9,0,0,0,2,298,26,9
Dricus Du Plessis,10,9,1,0,0,4,770,22,7
Lerone Murphy,10,9,0,0,1,3,618,13,5
Aaron Pico,1,0,1,0,0,0,13,2,0
Geoff Neal,13,8,5,0,0,8,684,5,1
Michael Page,4,3,1,0,0,0,134,0,0
Jared Cannonier,20,11,9,0,0,7,1230,10,0
Tim Elliott,21,10,11,0,0,2,858,63,19
Kai Asakura,2,0,2,0,0,0,38,0,0
Eric Nolan,1,0,1,0,0,0,22,0,0
Michal Oleksiejczuk,17,9,7,0,1,9,549,7,0
Loopy Godinez,14,9,5,0,0,1,869,38,11
Jessica Andrade,30,17,13,0,0,7,1824,40,6
Chase Hooper,12,8,4,0,0,1,491,21,15
Drakkar Klose,13,10,3,0,0,2,642,15,0
Dione Barbosa,4,2,2,0,0,0,118,7,4
Alibi Idiris,1,0,1,0,0,0,28,0,0
Anthony Hernandez,11,9,2,0,0,0,565,54,15
Roman Dolidze,13,9,4,0,0,4,568,11,9
Steve Erceg,7,4,3,0,0,1,418,8,3
Ode Osbourne,12,5,7,0,0,4,275,6,2
Iasmin Lucindo,7,5,2,0,0,0,318,15,1
Andre Fili,25,13,11,0,1,6,1019,39,4
Christian Rodriguez,9,5,4,0,0,0,419,15,9
Jean Matsumoto,4,3,1,0,0,0,280,10,3
Eryk Anders,19,9,9,0,1,7,784,26,1
Julius Walker,2,1,1,0,0,1,130,7,0
Elijah Smith,2,2,0,0,0,0,77,3,1
Toshiomi Kazama,4,1,3,0,0,0,21,2,2
Joselyne Edwards,11,7,4,0,0,1,659,12,5
Priscila Cachoeira,12,5,7,0,0,3,422,1,0
Gilbert Urbina,4,1,3,0,0,2,117,4,1
Gabriella Fernandes,5,3,2,0,0,1,245,2,1
Julija Stoliarenko,9,2,7,0,0,0,263,5,9
Cody Brundage,13,5,6,0,2,3,191,12,4
Esteban Ribovics,6,4,2,0,0,2,611,2,1
Elves Brener,6,3,3,0,0,2,361,5,0
Karol Rosa,12,8,4,0,0,2,1059,14,2
Nora Cornolle,5,3,2,0,0,1,165,1,1
Elizeu Zaleski dos Santos,18,11,6,0,1,2,868,11,6
Danny Silva,3,2,1,0,0,0,196,6,1
Rinya Nakamura,5,4,1,0,0,3,128,7,4
Nathan Fletcher,3,1,2,0,0,0,76,5,1
Tresean Gore,6,2,4,0,0,0,136,6,3
Andrey Pulyaev,2,1,1,0,0,1,41,0,0
Nick Klein,2,0,2,0,0,0,38,5,1
Austin Bashi,2,1,1,0,0,0,25,4,1
John Yannis,1,0,1,0,0,0,0,0,0
Rafael Estevam,3,3,0,0,0,0,62,19,1
Felipe Bunes,3,1,2,0,0,0,78,2,4
Piera Rodriguez,6,4,2,0,0,1,285,25,0
Ketlen Souza,5,2,3,0,0,1,227,1,1
Robert Whittaker,24,17,7,0,0,12,1435,16,0
Marcus McGhee,5,4,1,0,0,3,263,1,1
Shara Magomedov,6,5,1,0,0,2,488,0,0
Marc-Andre Barriault,16,6,9,0,1,4,918,4,1
Jose Ochoa,3,1,2,0,0,1,106,1,3
Nikita Krylov,20,11,9,0,0,5,566,19,12
Bryce Mitchell,12,9,3,0,0,1,315,30,11
Said Nurmagomedov,11,7,4,0,0,2,321,6,8
Carlos Leal,3,1,2,0,0,0,191,1,0
Da'Mon Blackshear,10,5,4,0,1,0,439,10,10
Tabatha Ricci,10,7,3,0,0,0,536,23,1
Amanda Ribas,13,7,6,0,0,1,686,22,6
Steven Nguyen,2,1,1,0,0,6,155,1,0
Mohammad Yahya,3,0,3,0,0,0,104,1,1
Martin Buday,8,7,1,0,0,1,423,1,1
Max Holloway,31,23,8,0,0,12,3655,8,10
Dustin Poirier,32,22,9,0,1,15,1861,28,25
Paulo Costa,11,7,4,0,0,5,879,3,0
Daniel Rodriguez,14,10,4,0,0,7,1170,2,1
Patricio Freire,2,1,1,0,0,0,72,6,1
Dan Ige,20,11,9,0,0,7,926,12,1
Michael Johnson,31,16,15,0,0,13,1541,14,1
Daniel Zellhuber,6,3,3,0,0,2,459,0,1
Vinicius Oliveira,4,4,0,0,0,2,302,7,1
Kyler Phillips,9,6,3,0,0,2,607,19,3
Francisco Prado,5,1,4,0,0,1,262,4,2
Robert Valentin,3,0,3,0,0,0,26,0,2
Islam Dulatov,1,1,0,0,0,1,21,0,0
Adam Fugitt,5,2,3,0,0,0,188,5,0
Marcin Prachnio,11,4,7,0,0,1,593,1,0
Ryan Spann,15,9,6,0,0,5,289,8,10
Lukasz Brzeski,7,1,6,0,0,0,277,0,0
Carli Judice,3,2,1,0,0,2,295,2,0
Nicolle Caliari,2,0,2,0,0,0,99,4,0
Derrick Lewis,30,20,10,0,0,11,667,10,0
Tallison Teixeira,2,1,1,0,0,1,11,0,0
Stephen Thompson,22,12,9,0,1,10,1293,5,0
Calvin Kattar,15,7,8,0,0,5,977,5,1
Nate Landwehr,10,5,5,0,0,1,556,5,5
Austen Lane,6,1,4,0,1,1,85,4,0
Tuco Tokkos,3,1,2,0,0,0,46,8,1
Junior Tafa,6,2,4,0,0,1,141,0,0
Chris Curtis,11,6,4,0,1,3,836,0,0
Max Griffin,18,8,10,0,0,8,882,20,4
Chidi Njokuani,9,5,4,0,0,3,358,0,1
Eduarda Moura,4,3,1,0,0,0,165,13,0
Lauren Murphy,15,8,7,0,0,1,864,16,3
Mike Davis,7,5,2,0,0,4,395,16,5
Mitch Ramirez,2,0,2,0,0,0,67,0,0
Melissa Martinez,3,1,2,0,0,0,161,1,0
Ilia Topuria,9,9,0,0,0,7,405,11,6
Kai Kara-France,13,8,5,0,0,8,712,6,0
Renato Moicano,19,12,7,0,0,2,750,20,6
Felipe Lima,3,2,1,0,0,0,118,6,2
Viviane Araujo,13,7,6,0,0,1,772,23,8
Jacobe Smith,2,2,0,0,0,1,58,2,1
Niko Price,19,8,9,0,2,5,860,11,7
Alvin Hines,1,0,1,0,0,0,82,1,0
Jamahal Hill,11,6,4,0,1,4,677,0,0
Rafael Fiziev,11,7,4,0,0,2,645,8,0
Ignacio Bahamondes,9,6,3,0,0,4,616,0,3
Curtis Blaydes,20,14,5,0,1,2,635,64,0
Rizvan Kuniev,1,0,1,0,0,0,45,0,0
Tofiq Musayev,1,0,1,0,0,0,2,0,0
Nikolas Motta,7,3,3,0,1,5,231,0,0
Oban Elliott,4,3,1,0,0,1,189,4,0
Daria Zhelezniakova,3,2,1,0,0,0,161,1,0
Melissa Mullins,4,2,2,0,0,0,165,6,0
Klaudia Sygula,2,1,1,0,0,0,113,1,0
Mohammed Usman,6,4,2,0,0,1,310,3,0
Kamaru Usman,19,16,3,0,0,10,1411,63,2
Joaquin Buckley,16,11,5,0,0,9,718,19,1
Rose Namajunas,18,12,6,0,0,6,1014,28,7
Miranda Maverick,12,8,4,0,0,0,514,23,4
Cody Garbrandt,16,9,7,0,0,11,462,10,0
Michael Chiesa,21,14,7,0,0,1,409,41,13
Court McGee,24,11,13,0,0,3,1364,36,9
Kris Moutinho,3,0,3,0,0,0,87,0,0
Cameron Smotherman,3,1,2,0,0,0,183,0,0
Ange Loosa,6,2,3,0,1,1,455,15,0
Vanessa Demopoulos,10,5,5,0,0,1,451,3,2
Sean O'Malley,14,10,3,0,1,6,1042,3,3
Kayla Harrison,3,3,0,0,0,0,136,6,2
Julianna Pena,12,8,4,0,0,0,493,18,8
Serghei Spivac,14,8,6,0,0,0,381,31,4
Khaos Williams,10,6,4,0,0,5,486,0,0
Wang Cong,4,3,1,0,0,2,302,2,0
Ariane da Silva,14,6,8,0,0,3,650,5,3
Jeka Saragih,4,1,3,0,0,1,24,1,0
Yanal Ashmouz,4,2,2,0,0,0,133,10,0
MarQuel Mederos,3,3,0,0,0,1,214,0,0
Mark Choinski,1,0,1,0,0,0,58,2,0
Billy Ray Goff,3,1,2,0,0,1,157,1,0
Dustin Jacoby,16,9,6,0,1,6,859,3,0
Bruno Lopes,2,1,1,0,0,0,36,5,0
Jordan Leavitt,8,5,3,0,0,1,137,10,4
Kurt Holobaugh,9,2,7,0,0,1,456,5,5
Rayanne dos Santos,3,0,3,0,0,0,219,1,0
Gilbert Burns,24,15,9,0,0,4,934,42,9
Sodiq Yusuff,10,6,4,0,0,3,539,3,3
Nursulton Ruziboev,5,4,1,0,0,3,104,2,0
Julian Erosa,17,9,8,0,0,1,838,17,7
Gabe Green,6,3,3,0,0,2,353,3,2
Thiago Moises,15,8,7,0,0,1,388,15,13
Connor Matthews,3,0,3,0,0,0,69,3,0
Elise Reed,9,4,5,0,0,1,333,3,0
Carlos Hernandez,7,3,4,0,0,0,255,9,0
Luana Pinheiro,7,3,4,0,0,1,287,14,1
Jose Aldo,23,14,9,0,0,7,1354,13,4
Natalia Silva,7,7,0,0,0,2,451,2,0
Alexa Grasso,14,8,5,0,1,1,909,6,9
Ion Cutelaba,19,8,10,0,1,2,661,39,1
JeongYeong Lee,4,2,2,0,0,0,146,2,0
Brad Katona,9,4,5,0,0,0,582,15,0
Santiago Ponzinibbio,20,12,8,0,0,11,1083,9,0
Serhiy Sidey,3,2,1,0,0,0,202,5,4
Jeremy Stephens,35,15,19,0,1,18,1276,30,10
Miesha Tate,14,7,7,0,0,1,618,19,12
Gillian Robertson,19,13,6,0,0,0,548,35,12
Marina Rodriguez,15,7,6,0,2,2,955,3,4
Gaston Bolanos,4,2,2,0,0,0,149,2,0
Don'Tale Mayes,12,4,7,0,1,2,421,7,0
Juliana Miller,4,2,2,0,0,0,130,7,4
Ivana Petrovic,4,1,3,0,0,0,108,8,3
Anthony Smith,25,13,12,0,0,7,840,8,8
Jimmy Flick,6,2,4,0,0,0,79,8,8
Evan Elder,5,3,2,0,0,2,353,2,2
John Castaneda,8,4,4,0,0,4,464,11,1
Alatengheili,9,5,3,0,1,1,340,14,0
Cameron Saaiman,6,3,3,0,0,1,301,3,2
Polyana Viana,11,4,7,0,0,1,218,4,9
Roberto Romero,2,0,2,0,0,1,109,0,0
Chelsea Chandler,5,2,3,0,0,0,184,3,0
Alexander Volkanovski,17,14,3,0,0,6,1717,31,3
Paddy Pimblett,7,7,0,0,0,2,324,4,7
Michael Chandler,7,2,5,0,0,2,315,9,1
Yair Rodriguez,16,11,4,0,1,5,984,10,9
Sean Woodson,10,7,2,0,1,3,721,5,3
Yan Xiaonan,13,9,4,0,0,2,916,11,0
Jim Miller,46,27,18,0,1,6,1313,45,51
Darren Elkins,30,19,11,0,0,2,1190,67,25
Hailey Cowan,2,0,2,0,0,0,66,3,0
Cortavious Romious,2,0,2,0,0,0,28,6,0
Torrez Finney,1,1,0,0,0,0,4,8,0
Diana Belbita,8,2,6,0,0,1,561,5,0
Istela Nunes,5,0,5,0,0,1,225,0,0
Victor Henry,7,4,2,0,1,3,621,6,2
Pedro Falcao,2,0,2,0,0,0,99,5,0
Edgar Chairez,5,2,2,0,1,1,133,0,6
CJ Vergara,8,3,5,0,0,0,414,0,1
Raul Rosas Jr.,6,5,1,0,0,1,87,16,4
Vince Morales,11,3,8,0,0,2,494,6,5
Ronaldo Rodriguez,3,2,1,0,0,0,130,2,1
Vinc Pichel,12,7,5,0,0,1,567,25,2
Gabriel Miranda,4,1,3,0,0,0,51,5,2
Gunnar Nelson,16,10,6,0,0,1,292,22,11
Molly McCann,14,7,7,0,0,2,755,17,5
Jordan Vucenic,2,0,2,0,0,1,50,1,0
Jai Herbert,9,3,5,0,1,4,322,3,0
Felipe dos Santos,4,1,3,0,0,0,225,0,2
Mick Parkin,5,4,1,0,0,1,300,4,0
Puja Tomar,2,1,1,0,0,1,131,0,0
Caolan Loughran,4,2,2,0,0,0,284,12,0
Guram Kutateladze,5,2,3,0,0,1,259,3,0
SeungWoo Choi,11,4,7,0,0,5,384,6,0
AJ Cunningham,2,0,2,0,0,0,52,0,1
Carlos Vera,2,1,1,0,0,1,28,0,2
Andre Lima,4,4,0,0,0,0,207,5,5
Daniel Barez,3,1,2,0,0,2,118,1,0
Josiane Nunes,6,3,3,0,0,3,382,0,0
Yuneisy Duben,1,0,1,0,0,0,14,0,0
Justin Gaethje,14,9,5,0,0,7,1036,1,0
Rei Tsuruya,2,1,1,0,0,0,49,7,0
Armen Petrosyan,7,3,4,0,0,0,497,1,0
Alex Morono,23,13,9,0,1,5,1356,6,6
Francis Marshall,5,2,3,0,0,2,136,7,2
Ozzy Diaz,2,1,1,0,0,0,144,0,0
Julian Marquez,8,3,5,0,0,1,314,0,11
JJ Aldrich,16,10,6,0,0,0,872,11,0
Andrea Lee,14,5,9,0,0,1,924,22,8
Ramazan Temirov,2,2,0,0,0,3,78,1,0
Song Yadong,15,11,3,0,1,7,898,8,2
Melsik Baghdasaryan,5,3,2,0,0,1,216,0,0
Javid Basharat,6,3,2,0,1,0,381,6,0
Dylan Budka,3,0,3,0,0,0,19,3,0
Julia Avila,6,3,3,0,0,1,199,3,1
Sean Strickland,23,16,7,0,0,6,2197,18,4
Justin Tafa,10,4,5,0,1,4,221,0,0
Gabriel Santos,4,2,2,0,0,1,223,13,4
Bruna Brasil,5,2,3,0,0,0,174,6,0
Kody Steele,1,0,1,0,0,0,59,1,0
Jonathan Micallef,1,1,0,0,0,1,85,0,0
Kevin Jousset,4,2,2,0,0,0,288,2,1
Anshul Jubli,3,1,2,0,0,0,141,2,1
Israel Adesanya,18,13,5,0,0,13,1271,1,3
Jairzinho Rozenstruik,15,9,6,0,0,7,493,0,0
Damir Hadzovic,10,4,6,0,0,2,329,6,1
Lucas Alexander,4,1,3,0,0,1,131,0,0
Jamal Pogues,4,2,2,0,0,0,203,5,0
Ailin Perez,6,5,1,0,0,1,229,23,1
Muin Gafurov,4,2,2,0,0,1,146,1,0
Benardo Sopaj,2,1,1,0,0,1,126,5,0
Ricky Turcios,5,2,3,0,0,1,280,5,2
Carlston Harris,7,4,3,0,0,2,194,5,2
Abdul Razak Alhassan,14,6,7,0,1,9,315,5,1
Jose Johnson,4,1,3,0,0,0,84,2,2
Ihor Potieria,8,2,6,0,0,3,256,3,0
Trey Ogden,7,3,3,0,1,0,330,13,5
Preston Parsons,6,2,4,0,0,0,230,15,10
Ernesta Kareckaite,2,1,1,0,0,0,148,1,0
Magomed Gadzhiyasulov,2,1,1,0,0,0,57,5,0
Viktoriia Dudakova,4,2,2,0,0,1,139,6,0
Joe Solecki,9,5,4,0,0,0,202,14,9
Colby Covington,17,12,5,0,0,1,1099,70,3
Cub Swanson,25,15,10,0,0,10,1608,14,2
Billy Quarantillo,11,6,5,0,0,2,863,13,9
Adrian Yanez,9,6,3,0,0,6,417,0,0
Ottman Azaitar,5,2,3,0,0,1,83,0,0
Fernando Padilla,4,2,2,0,0,2,148,0,1
Josefine Knutsson,3,2,1,0,0,0,231,3,0
Shavkat Rakhmonov,7,7,0,0,0,1,244,7,6
Kron Gracie,4,1,3,0,0,0,126,1,2
Dooho Choi,9,5,3,0,1,4,344,7,3
Movsar Evloev,9,9,0,0,0,0,539,42,2
Bryan Battle,9,7,1,0,1,2,397,4,2
Chris Weidman,20,12,8,0,0,5,626,44,11
Clay Guida,37,18,19,0,0,6,1156,78,16
Song Kenan,11,6,5,0,0,5,484,3,0
Baergeng Jieleyisi,1,0,1,0,0,0,9,1,0
DongHun Choi,1,1,0,0,0,1,12,0,0
Kiru Sahota,1,0,1,0,0,0,2,0,0
Shi Ming,1,1,0,0,0,1,30,1,0
Feng Xiaocan,1,0,1,0,0,0,48,0,0
Nyamjargal Tumendemberel,1,0,1,0,0,1,26,0,1
Jon Jones,24,22,1,0,1,6,1564,45,11
Stipe Miocic,19,14,5,0,0,7,1007,25,0
James Llontop,3,0,3,0,0,0,202,0,0
Jonathan Martinez,15,10,5,0,0,9,887,5,1
Damon Jackson,14,6,6,0,2,0,406,21,11
Mickey Gall,13,6,7,0,0,2,366,8,11
Bassil Hafez,3,1,2,0,0,0,151,6,0
Zachary Scroggin,1,0,1,0,0,0,3,0,0
Matthew Semelsberger,11,5,6,0,0,10,449,8,3
Cody Stamann,15,7,7,0,1,2,776,26,0
Amir Albazi,6,5,1,0,0,2,235,8,3
Caio Machado,3,0,3,0,0,0,228,0,0
Trevin Giles,14,7,7,0,0,3,487,11,3
Pedro Munhoz,22,10,10,0,2,7,1358,8,8
Jack Shore,9,6,3,0,0,2,352,21,4
Alexandr Romanov,10,7,3,0,0,0,328,26,5
Rodrigo Nascimento,8,4,3,0,1,0,314,6,2
Garrett Armfield,5,2,3,0,0,2,291,4,2
Chad Anheliger,5,2,3,0,0,2,228,4,2
Rafael Dos Anjos,36,21,15,0,0,7,1822,68,20
Victor Hugo,2,1,1,0,0,1,113,1,1
Jake Hadley,7,3,4,0,0,1,323,1,5
Daniel Pineda,14,5,8,0,1,2,361,12,13
Matheus Nicolau,11,7,4,0,0,8,408,10,7
Tamires Vidal,4,1,3,0,0,1,126,0,2
Jessica Penne,9,3,6,0,0,0,326,8,1
Robelis Despaigne,3,1,2,0,0,1,64,0,0
Jared Gooden,7,2,5,0,0,1,362,5,2
Jonathan Pearce,9,5,4,0,0,0,362,29,5
Cory McKenna,6,3,3,0,0,0,196,10,2
Cody Haddon,1,1,0,0,0,0,140,2,0
Dan Argueta,6,1,3,0,2,0,179,21,7
Raquel Pennington,19,13,6,0,0,1,1193,16,12
Ovince Saint Preux,28,15,13,0,0,6,793,15,6
Carla Esparza,16,10,6,0,0,0,492,49,4
Tim Means,30,15,14,0,1,11,1457,22,3
Da Woon Jung,9,4,4,0,1,3,305,10,1
Roosevelt Roberts,10,4,5,0,1,0,252,5,4
Taylor Lapilus,8,6,2,0,0,2,512,2,2
Victor Altamirano,6,2,4,0,0,1,329,14,0
Irene Aldana,14,8,6,0,0,3,1065,2,3
Yazmin Jauregui,5,3,2,0,0,2,282,0,0
Trevor Peek,5,2,3,0,0,2,265,6,0
Brendon Marotte,2,0,2,0,0,0,4,0,0
Zygimantas Ramaska,1,0,1,0,0,0,6,0,1
Dennis Buzukja,4,1,3,0,0,1,194,0,0
Victoria Leonardo,5,1,4,0,0,0,107,2,0
Tai Tuivasa,16,8,8,0,0,8,436,0,0
Li Jingliang,18,11,7,0,0,10,846,15,0
Josh Culibao,8,3,4,0,1,4,358,0,2
Casey O'Neill,7,5,2,0,0,0,652,8,4
Herbert Burns,6,2,4,0,0,1,71,8,4
Alex Reyes,3,0,3,0,0,0,89,2,0
Ricky Glenn,11,4,6,0,1,3,473,6,3
Charalampos Grigoriou,2,0,2,0,0,1,47,4,0
Pannie Kianzad,11,5,6,0,0,0,713,4,1
Karl Williams,4,3,1,0,0,1,177,18,1
Jarno Errens,4,1,3,0,0,2,161,0,1
Tony Ferguson,24,15,9,0,0,3,1332,7,16
Denis Tiuliulin,6,1,5,0,0,2,170,3,0
Arnold Allen,13,11,2,0,0,3,611,11,4
Muhammad Mokaev,7,7,0,0,0,1,142,31,5
Kaynan Kruschewsky,2,0,2,0,0,0,97,3,2
Bill Algeo,10,5,5,0,0,2,624,9,1
Brian Kelleher,17,8,9,0,0,3,442,15,6
Loik Radzhabov,4,2,2,0,0,1,140,15,0
Lucie Pudilova,11,3,8,0,0,2,541,7,6
Mariya Agapova,6,2,4,0,0,2,202,2,3
Josh Fremd,6,2,4,0,0,0,173,3,5
Darrius Flowers,3,0,3,0,0,0,93,2,0
Yanis Ghemmouri,2,0,2,0,0,0,29,0,0
Michelle Waterson-Gomez,15,6,9,0,0,0,780,19,8
Andrei Arlovski,42,23,18,0,1,10,1585,9,5
Kyung Ho Kang,14,8,5,0,1,4,549,23,9
Douglas Silva de Andrade,13,7,6,0,0,6,576,6,2
Brady Hiestand,4,3,1,0,0,0,152,18,4
Josh Quinlan,4,1,3,0,0,1,145,1,0
Nate Maness,7,5,2,0,0,2,209,3,3
Shayilan Nuerdanbieke,6,3,3,0,0,3,124,14,1
Miguel Baeza,7,3,4,0,0,3,278,2,9
Jesse Butler,2,0,2,0,0,0,31,0,0
Montana De La Rosa,12,6,5,0,1,1,424,18,8
Vinicius Salvador,3,0,3,0,0,0,152,1,0
Victor Martinez,2,0,2,0,0,1,25,0,0
Melissa Gatto,5,3,2,0,0,1,232,6,2
Warlley Alves,16,8,8,0,0,3,485,13,9
Kleydson Rodrigues,4,1,3,0,0,1,139,2,1
Emily Ducote,5,2,3,0,0,0,559,1,0
Alex Caceres,30,16,13,0,1,5,1519,13,16
Rani Yahya,21,13,6,0,2,0,440,41,23
Michal Figlak,2,0,2,0,0,0,120,1,0
Marnic Mann,2,0,2,0,0,0,39,2,1
Liang Na,4,0,4,0,0,0,58,7,1
Gabriel Benitez,15,7,8,0,0,4,731,2,8
Holly Holm,16,8,7,0,1,2,805,15,1
Christos Giagos,14,6,8,0,0,1,353,22,3
Germaine de Randamie,10,7,3,0,0,2,317,0,3
Julio Arce,10,6,4,0,0,3,503,4,3
Anton Turkalj,4,0,4,0,0,0,97,5,0
Jacob Malkoun,7,4,3,0,0,0,271,31,2
Angel Pacheco,1,0,1,0,0,0,88,0,0
AJ Dobson,4,1,3,0,0,0,192,5,0
Luis Pajuelo,1,0,1,0,0,0,5,0,0
Igor Severino,1,0,1,0,0,0,36,5,0
Bryan Barberena,19,9,10,0,0,6,1191,2,4
Natan Levy,4,2,2,0,0,0,214,19,0
Katlyn Cerminara,17,11,6,0,0,1,1104,5,5
Philipe Lins,6,4,2,0,0,1,241,7,0
Josh Parisian,7,2,5,0,0,0,310,5,0
Joanne Wood,17,9,8,0,0,3,1329,19,4
Maryna Moroz,12,6,6,0,0,0,662,7,6
Tyson Pedro,11,6,5,0,0,5,229,4,4
Jamie Pickett,9,2,7,0,0,1,241,7,0
Claudio Ribeiro,4,1,3,0,0,1,92,1,0
Abdul-Kareem Al-Selwady,1,0,1,0,0,0,38,3,0
Cristian Quinonez,3,1,2,0,0,0,61,2,0
Mateus Mendonca,3,0,3,0,0,0,50,6,1
Daniel Lacerda,6,0,5,0,1,3,102,4,2
Denys Bondar,3,0,3,0,0,0,121,7,0
Erik Silva,2,0,2,0,0,0,21,3,0
Marcos Rogerio de Lima,18,11,7,0,0,7,375,11,4
Val Woodburn,2,0,2,0,0,1,25,2,0
Devin Clark,17,8,9,0,0,3,588,28,1
Zac Pauga,4,1,3,0,0,0,175,1,0
Fernie Garcia,4,0,4,0,0,0,99,1,2
Aliaskhab Khizriev,2,1,0,0,1,0,43,2,1
Makhmud Muradov,7,4,2,0,1,3,333,16,1
Pete Rodriguez,3,1,2,0,0,1,47,0,0
Blake Bilder,3,1,2,0,0,0,175,1,0
Landon Quinones,2,0,2,0,0,0,203,1,0
Yohan Lainesse,4,1,3,0,0,1,66,2,1
Malcolm Gordon,7,2,5,0,0,0,109,5,3
Phil Hawes,8,4,4,0,0,2,311,8,1
Shannon Ross,3,0,3,0,0,0,50,0,0
Stephanie Egger,7,3,4,0,0,0,120,9,2
Wellington Turman,9,3,6,0,0,0,312,10,5
Nick Aguirre,2,0,2,0,0,0,19,2,1
Mark Madsen,6,4,2,0,0,0,224,12,0
Marc Diakiese,15,8,7,0,0,2,463,40,0
Abu Azaitar,3,1,2,0,0,0,197,3,0
Mike Breeden,4,1,3,0,0,1,203,3,0
Jinh Yu Frey,8,2,6,0,0,0,307,7,2
Jennifer Maia,12,6,6,0,0,0,781,5,1
TJ Brown,8,3,5,0,0,0,342,21,9
Ashley Yoder,11,3,8,0,0,1,564,12,6
Kanako Murata,3,1,2,0,0,0,86,9,2
Johnny Munoz,6,2,4,0,0,0,168,11,8
AJ Fletcher,4,1,3,0,0,0,153,4,3
Andre Fialho,7,2,5,0,0,2,202,1,0
Jake Collier,14,5,9,0,0,3,862,7,6
Hannah Goldy,5,1,4,0,0,0,213,3,1
Terrence Mitchell,2,0,2,0,0,0,9,1,0
John Makdessi,20,11,9,0,0,6,1340,0,0
Blood Diamond,3,0,3,0,0,0,108,0,0
Shane Young,7,2,5,0,0,1,373,3,0
Manolo Zecchini,1,0,1,0,0,0,9,0,0
Zarah Fairn,4,0,4,0,0,0,171,0,0
Chan Sung Jung,12,7,5,0,0,4,568,8,7
Taila Santos,7,4,3,0,0,3,315,15,9
Parker Porter,8,4,4,0,0,0,369,5,1
Yusaku Kinoshita,2,0,2,0,0,0,27,0,0
Hakeem Dawodu,10,6,4,0,0,1,734,0,0
Chris Daukaus,8,4,4,0,0,6,154,0,0
Tafon Nchukwi,6,2,4,0,0,1,393,4,0
JP Buys,4,0,4,0,0,0,36,1,4
Gavin Tucker,7,4,3,0,0,0,309,15,7
Tanner Boser,10,5,5,0,0,2,516,0,0
Aleksa Camur,4,1,3,0,0,0,267,2,0
Jonny Parsons,1,1,0,0,0,2,63,0,0
Danny Roberts,14,7,7,0,0,3,405,2,2
Albert Duraev,4,2,2,0,0,0,157,6,1
Tucker Lutz,4,1,3,0,0,0,180,7,0
Austin Lingo,5,2,3,0,0,2,267,2,0
Genaro Valdez,3,0,3,0,0,1,123,0,0
Tyson Nam,8,3,5,0,0,3,292,0,0
Alexander Munoz,3,1,2,0,0,1,161,8,0
Carl Deaton,2,0,2,0,0,0,38,0,0
Ashlee Evans-Smith,9,3,6,0,0,0,446,7,0
Robbie Lawler,25,15,10,0,0,10,1334,17,0
Kamuela Kirk,3,1,2,0,0,0,106,3,4
Damir Ismagulov,7,5,2,0,0,1,353,7,0
Kevin Lee,19,11,8,0,0,1,843,46,11
Blagoy Ivanov,8,3,5,0,0,1,422,6,1
Zhalgas Zhumagulov,7,1,6,0,0,0,425,7,1
Ronnie Lawrence,4,2,1,0,1,3,139,15,0
Amanda Nunes,18,16,2,0,0,8,928,38,10
David Dvorak,6,3,3,0,0,0,269,3,1
Maria Oliveira,4,1,3,0,0,0,309,4,0
Abubakar Nurmagomedov,4,2,2,0,0,0,133,4,0
Maxim Grishin,5,2,3,0,0,2,228,1,0
Orion Cosce,3,1,2,0,0,0,63,5,0
Ilir Latifi,16,9,7,0,0,4,306,21,3
Nick Fiore,2,0,2,0,0,0,85,5,0
Takashi Sato,7,2,5,0,0,2,131,3,0
Matt Brown,30,17,13,0,0,11,1039,31,24
Chase Sherman,15,4,11,0,0,3,969,1,0
Mandy Bohm,3,1,2,0,0,0,105,2,2
Ji Yeon Kim,10,3,7,0,0,1,762,0,1
Jessica-Rose Clark,9,4,5,0,0,0,403,12,2
Braxton Smith,1,0,1,0,0,0,14,0,0
Joseph Holmes,4,1,3,0,0,1,104,2,1
Journey Newson,6,1,4,0,1,1,141,2,1
Batgerel Danaa,7,3,4,0,0,4,311,2,0
Zak Cummings,14,10,4,0,0,8,494,7,7
Ed Herman,26,13,12,0,1,4,851,34,17
Lando Vannata,13,4,7,0,2,5,684,11,3
Aaron Phillips,4,0,4,0,0,0,79,3,2
Jorge Masvidal,22,12,10,0,0,9,1170,17,7
Cynthia Calvillo,13,6,6,0,1,0,736,20,9
Steven Peterson,8,3,5,0,0,1,520,10,6
Makwan Amirkhani,14,7,7,0,0,1,171,34,9
Omar Morales,7,3,4,0,0,1,290,3,0
Guido Cannetti,10,4,6,0,0,0,250,11,2
Raphael Assuncao,19,12,7,0,0,2,786,24,2
Tony Gravely,8,4,4,0,0,4,309,33,0
Trevin Jones,6,1,4,0,1,2,154,3,1
Derek Brunson,21,14,7,0,0,6,648,36,7
Mana Martinez,4,2,2,0,0,4,265,3,1
Augusto Sakai,9,5,4,0,0,1,430,2,0
Erick Gonzalez,3,0,3,0,0,0,30,5,0
Rafael Alves,4,1,3,0,0,1,79,1,4
Jordan Wright,7,2,5,0,0,2,145,5,1
William Knight,7,3,4,0,0,2,174,9,3
Lina Lansberg,11,4,7,0,0,2,390,5,1
Khusein Askhabov,1,0,1,0,0,0,30,0,0
Juancamilo Ronderos,2,0,2,0,0,0,12,1,0
Don Shainis,2,0,2,0,0,0,53,1,2
Zubaira Tukhugov,9,5,3,0,1,3,357,16,0
SeungGuk Choi,1,0,1,0,0,1,20,0,0
Glover Teixeira,23,16,7,0,0,5,953,36,16
Mauricio Rua,24,11,12,0,1,14,888,27,4
Mounir Lazzez,4,2,2,0,0,0,250,4,0
Shamil Abdurakhimov,11,5,6,0,0,2,251,7,1
Cheyanne Vlismas,4,2,2,0,0,1,209,1,1
Saidyokub Kakhramonov,3,2,1,0,0,0,79,17,5
Sergey Morozov,5,3,2,0,0,1,187,15,0
Darren Till,12,6,5,0,1,5,375,6,0
Jay Perrin,3,0,3,0,0,0,134,5,0
Dalcha Lungiambula,7,2,5,0,0,1,215,10,0
Steven Koslow,1,0,1,0,0,0,11,5,1
Scott Holtzman,13,7,6,0,0,4,723,21,2
Marcelo Rojo,3,0,3,0,0,0,160,1,0
Kevin Natividad,3,0,3,0,0,1,77,7,0
Frankie Edgar,30,18,11,0,1,3,1801,73,10
Brad Riddell,7,4,3,0,0,1,360,9,0
Silvana Gomez Juarez,4,1,3,0,0,2,98,0,0
Michael Trizano,7,4,3,0,0,3,302,2,3
Nicolae Negumereanu,6,4,2,0,0,0,210,4,0
Darrick Minner,6,2,4,0,0,1,114,8,9
Shanna Young,4,1,3,0,0,0,140,0,2
Benito Lopez,4,2,2,0,0,1,156,0,1
Liudvik Sholinian,2,0,2,0,0,0,75,0,0
Carlos Candelario,2,0,2,0,0,0,78,3,1
Ramona Pascual,3,0,3,0,0,0,128,4,0
Jared Vanderaa,7,1,6,0,0,0,397,0,0
Carlos Mota,1,0,1,0,0,0,12,0,1
Joshua Weems,1,0,1,0,0,0,18,2,0
TJ Dillashaw,18,13,5,0,0,9,1123,23,12
Gadzhi Omargadzhiev,2,0,2,0,0,0,50,2,0
Misha Cirkunov,13,6,7,0,0,0,237,17,7
Brandon Davis,9,2,7,0,0,0,437,6,1
Nick Maximov,4,2,2,0,0,0,81,15,1
Mike Jackson,4,1,2,0,1,0,95,1,0
Francisco Trinaldo,26,18,8,0,0,5,1009,21,11
Aleksei Oleinik,17,9,8,0,0,2,380,14,15
Jesse Ronson,6,0,5,0,1,1,233,2,2
Krzysztof Jotko,17,11,6,0,0,2,640,19,1
Randy Costa,6,2,4,0,0,3,174,0,0
Alen Amedovski,4,0,4,0,0,0,20,0,0
Louis Cosce,2,0,2,0,0,1,109,2,1
Cameron VanCamp,2,0,2,0,0,0,34,0,0
Nate Diaz,27,16,11,0,0,4,1544,18,26
Danyelle Wolf,1,0,1,0,0,0,20,0,0
Darian Weeks,3,0,3,0,0,0,202,6,0
Alessio Di Chirico,11,4,7,0,0,3,375,11,0
Khalid Taha,6,1,4,0,1,2,163,0,1
Luke Rockhold,11,6,5,0,0,2,376,6,6
Wu Yanan,6,1,5,0,0,0,309,3,1
Harry Hunsucker,3,0,3,0,0,0,9,0,1
Leonardo Santos,11,7,3,0,1,3,336,7,2
Luis Saldana,4,2,1,0,1,2,288,3,1
Francisco Figueiredo,4,2,2,0,0,0,73,6,1
Dominick Cruz,10,7,3,0,0,1,780,28,1
Nina Nunes,9,5,4,0,0,0,542,2,4
Charlie Ontiveros,3,0,3,0,0,2,31,0,0
Jason Witt,6,2,4,0,0,1,70,15,2
Thiago Santos,24,14,10,0,0,14,888,14,1
Sam Alvey,24,10,13,0,1,7,758,1,1
Miranda Granger,4,1,3,0,0,0,111,0,0
Alexander Gustafsson,18,10,8,0,0,9,751,19,5
Charles Rosa,13,5,8,0,0,0,553,20,12
Claudio Silva,8,5,3,0,0,0,235,18,7
Shane Burgos,11,8,3,0,0,6,1040,4,4
Dwight Grant,8,3,5,0,0,3,287,4,0
Antonina Shevchenko,8,4,4,0,0,0,328,3,3
Cortney Casey,15,6,9,0,0,0,816,5,6
Karl Roberson,10,4,6,0,0,1,208,4,3
Donald Cerrone,38,23,14,0,1,20,1748,24,11
Uriah Hall,19,10,9,0,0,8,634,7,2
Jessica Eye,16,5,10,0,1,0,895,9,7
Alan Baudot,4,0,3,0,1,1,167,0,0
Raulian Paiva,7,3,4,0,0,1,301,3,1
Tony Kelley,4,2,2,0,0,0,239,0,4
Danny Chavez,4,1,2,0,1,0,132,6,0
Gloria de Paula,4,1,3,0,0,0,229,3,0
Eddie Wineland,16,6,10,0,0,8,527,3,0
Deron Winn,5,2,3,0,0,0,303,19,0
Joanna Jedrzejczyk,15,10,5,0,0,1,1754,5,1
Ramazan Emeev,8,5,3,0,0,1,272,17,5
Poliana Botelho,7,3,4,0,0,1,204,4,0
Zarrukh Adashev,4,1,3,0,0,0,115,0,1
Askar Mozharov,1,0,1,0,0,0,2,0,0
Felice Herrig,10,5,5,0,0,0,425,8,6
Alex Da Silva,4,1,3,0,0,1,114,7,1
Niklas Stolze,3,0,3,0,0,0,48,1,1
Jeff Molina,3,3,0,0,0,3,292,0,0
Andreas Michailidis,4,1,3,0,0,0,117,3,0
Felipe Colares,6,2,4,0,0,0,191,11,3
Louis Smolka,17,8,9,0,0,2,747,18,19
Frank Camacho,8,2,6,0,0,0,443,5,0
Alan Patrick,10,5,4,0,1,1,209,23,2
Tristan Connelly,3,1,2,0,0,0,149,1,1
Gina Mazany,8,2,6,0,0,1,245,19,1
Sergey Khandozhko,3,2,1,0,0,3,134,2,0
Ike Villanueva,6,1,5,0,0,1,92,1,0
Cameron Else,2,0,2,0,0,0,17,0,0
Dean Barry,1,0,1,0,0,1,36,0,0
TJ Laramie,2,0,2,0,0,0,15,1,0
Brandon Jenkins,2,0,2,0,0,0,59,0,0
Kevin Croom,4,0,3,0,1,1,83,1,1
Aspen Ladd,7,4,3,0,0,1,290,8,3
Kay Hansen,4,1,3,0,0,0,173,7,3
Askar Askarov,5,3,1,0,1,0,229,13,2
Sara McMann,13,7,6,0,0,1,259,27,4
Bruno Souza,2,0,2,0,0,0,112,1,0
Kazula Vargas,4,1,3,0,0,0,138,1,1
Mike Grundy,4,1,3,0,0,1,85,11,1
Timur Valiev,4,2,1,0,1,1,270,6,1
Marlon Moraes,11,5,6,0,0,5,290,5,2
Sabina Mazo,7,3,4,0,0,1,562,4,1
Alex Oliveira,22,11,10,0,1,6,629,33,8
Greg Hardy,10,4,5,0,1,1,343,1,0
Devonte Smith,6,3,3,0,0,2,163,1,1
Alejandro Perez,13,8,4,0,1,1,479,5,3
Micheal Gillmore,2,0,2,0,0,0,31,0,0
Chas Skelly,12,8,3,0,1,2,226,13,17
Mark Striegl,2,0,2,0,0,0,11,0,0
Jesse Strader,2,0,2,0,0,0,78,4,0
Roxanne Modafferi,12,4,8,0,0,1,622,16,1
Fabio Cherant,3,0,3,0,0,0,28,0,0
Alexis Davis,14,8,6,0,0,0,754,12,9
Danilo Marques,4,2,2,0,0,0,55,10,2
Francis Ngannou,14,12,2,0,0,8,229,5,2
Rogerio Bontorin,6,2,3,0,1,0,163,13,4
Dakota Bush,2,0,2,0,0,0,52,3,0
Sijara Eubanks,10,5,5,0,0,1,578,17,3
Andre Ewell,9,4,5,0,0,1,540,3,1
Matt Sayles,4,1,3,0,0,0,167,1,2
Ryan Hall,6,5,1,0,0,2,161,1,10
Maki Pitolo,6,1,5,0,0,0,217,9,3
Mallory Martin,4,1,3,0,0,0,116,2,1
Chris Gruetzemacher,7,3,4,0,0,0,451,1,0
Sean Soriano,5,0,5,0,0,0,180,5,0
Ben Rothwell,17,9,8,0,0,4,681,9,6
Felicia Spencer,6,3,3,0,0,0,245,6,1
Leah Letson,2,1,1,0,0,0,90,1,0
Collin Anglin,2,0,2,0,0,0,33,1,0
Liana Jojua,4,1,3,0,0,0,85,4,3
Al Iaquinta,15,9,6,0,0,7,774,8,3
Jordan Williams,3,0,3,0,0,0,65,1,0
Gian Villante,18,7,11,0,0,4,923,5,0
John Allan,3,0,2,0,1,0,161,5,3
Shamil Gamzatov,2,1,1,0,0,0,99,0,0
Hu Yaozong,3,0,3,0,0,0,125,0,1
Laureano Staropoli,6,2,4,0,0,0,298,5,0
Khama Worthy,5,2,3,0,0,1,93,0,1
Randa Markos,18,7,10,0,1,0,674,17,3
Livinha Souza,6,3,3,0,0,0,114,11,6
Zviad Lazishvili,1,0,1,0,0,0,63,0,0
Carlos Felipe,5,3,2,0,0,0,366,0,0
Andrew Sanchez,10,5,5,0,0,3,557,22,0
Bethe Correia,12,5,6,0,1,0,664,4,0
Gaetano Pirrello,2,0,2,0,0,0,11,0,0
Johnny Eduardo,8,3,5,0,0,2,204,1,2
Nick Diaz,15,7,7,0,1,3,872,14,13
Martin Sano,1,0,1,0,0,0,1,0,0
Antonio Arroyo,3,0,3,0,0,0,95,1,0
Mike Rodriguez,8,2,5,0,1,5,324,0,0
Sarah Alpar,2,0,2,0,0,0,53,2,0
Impa Kasanganay,4,2,2,0,0,0,132,2,1
Gustavo Lopez,4,1,2,0,1,0,107,5,2
Emily Whitmire,6,2,4,0,0,0,79,4,1
David Zawada,5,1,4,0,0,1,238,4,7
Luigi Vendramini,4,1,3,0,0,1,76,2,1
Darren Stewart,14,5,7,0,2,2,392,15,1
Domingo Pilarte,3,0,2,0,1,0,15,2,1
Bea Malecki,3,2,1,0,0,0,184,0,2
Sasha Palatnikov,3,1,2,0,0,0,139,1,0
Casey Kenney,8,5,3,0,0,0,536,7,2
Drako Rodriguez,2,0,2,0,0,0,66,3,0
Anderson Dos Santos,4,1,3,0,0,0,124,3,2
Jamey Simmons,2,0,2,0,0,0,9,0,0
Kai Kamaka,4,1,2,0,1,1,270,7,1
Ryan Benoit,9,3,6,0,0,5,306,2,3
Ian Heinisch,7,3,4,0,0,2,276,6,4
Marion Reneau,13,5,7,0,1,0,546,7,9
Conor McGregor,14,10,4,0,0,13,599,5,1
Carlos Condit,19,9,10,0,0,6,1006,9,11
Omari Akhmedov,15,9,5,0,1,2,535,31,3
Jerome Rivera,4,0,4,0,0,0,74,0,0
Michel Prazeres,14,10,4,0,0,2,407,45,7
Justin Jaynes,5,1,4,0,0,2,134,2,3
Yancy Medeiros,15,6,8,0,1,9,551,3,6
Dhiego Lima,11,4,7,0,0,2,297,8,4
Roque Martinez,3,0,3,0,0,0,129,1,1
Lara Procopio,3,1,2,0,0,0,242,9,1
Demian Maia,33,22,11,0,0,1,739,68,27
Walt Harris,16,6,9,0,1,9,317,2,1
Victor Rodriguez,2,0,2,0,0,0,6,0,0
Jacare Souza,16,9,7,0,0,3,445,16,8
Kevin Aguilar,6,2,4,0,0,1,320,1,0
Maurice Greene,8,4,4,0,0,2,222,0,2
Gregor Gillespie,8,7,1,0,0,2,221,27,3
Christian Aguilera,3,1,2,0,0,0,27,0,0
KB Bhullar,2,0,2,0,0,0,72,0,0
Luke Sanders,8,3,5,0,0,4,416,3,1
Stefan Sekulic,2,0,2,0,0,0,55,4,1
Justine Kish,7,3,4,0,0,1,469,6,1
Luis Pena,8,5,3,0,0,1,376,8,8
Juan Espino,3,2,1,0,0,0,44,11,3
Bartosz Fabinski,6,3,3,0,0,0,113,24,0
Anthony Birchak,6,2,4,0,0,2,123,1,1
Mike Perry,15,7,8,0,0,8,722,9,2
Jarjis Danho,3,1,1,0,1,1,100,1,0
Yorgan De Castro,4,1,3,0,0,1,78,0,0
Hunter Azure,4,2,2,0,0,1,190,5,1
Jordan Griffin,5,1,4,0,0,0,169,7,8
Tyron Woodley,16,9,6,0,1,10,528,6,3
Thomas Almeida,10,5,5,0,0,3,435,1,0
Ray Rodriguez,2,0,2,0,0,0,4,1,0
Megan Anderson,6,3,3,0,0,1,51,1,1
Joseph Benavidez,21,15,6,0,0,6,938,24,4
Jordan Espinosa,6,2,4,0,0,0,243,3,0
Aalon Cruz,2,0,2,0,0,0,2,0,0
Jimmie Rivera,11,7,4,0,0,3,552,8,1
Vince Cachero,2,0,2,0,0,0,91,0,1
Shana Dobson,6,2,4,0,0,1,180,3,0
Alistair Overeem,20,12,8,0,0,10,715,10,3
Martin Day,4,0,4,0,0,2,179,2,2
Antonio Carlos Junior,13,7,5,0,1,0,290,34,8
Nik Lentz,25,14,9,0,2,2,1079,69,26
Vinicius Moreira,4,0,4,0,0,0,38,0,0
Tom Breese,8,5,3,0,0,4,188,0,4
Markus Perez,7,2,5,0,0,0,192,4,5
Vanessa Melo,4,1,3,0,0,0,209,0,0
Sarah Moras,9,3,6,0,0,0,257,5,6
Jacob Kilburn,2,0,2,0,0,0,67,1,1
Anthony Pettis,20,11,9,0,0,4,769,8,11
Carlton Minus,2,0,2,0,0,0,105,0,0
Junior Dos Santos,23,15,8,0,0,14,1109,5,1
Peter Barrett,2,0,2,0,0,0,71,0,0
Matt Wiman,18,10,8,0,0,1,557,25,18
Jose Quinonez,9,5,4,0,0,3,341,17,4
Spike Carlyle,3,1,2,0,0,0,80,7,1
Rachael Ostovich,4,1,3,0,0,0,94,5,2
Alan Jouban,13,8,5,0,0,9,663,4,2
Paul Felder,15,9,6,0,0,3,763,4,3
Geraldo de Freitas,3,1,2,0,0,0,165,9,0
Claudia Gadelha,12,7,5,0,0,1,590,36,8
Bevon Lewis,4,1,3,0,0,0,161,0,0
Eduardo Garagorri,3,1,2,0,0,0,107,1,0
Anderson Silva,25,17,7,0,1,18,832,3,6
Jack Marshman,8,3,5,0,0,3,224,0,0
Cole Williams,2,0,2,0,0,0,3,0,0
Justin Ledet,7,3,4,0,0,0,218,1,1
Khabib Nurmagomedov,13,13,0,0,0,2,705,61,9
Liliya Shakirova,1,0,1,0,0,0,23,0,0
Stefan Struve,24,13,11,0,0,3,585,7,21
Alexander Yakovlev,9,3,6,0,0,2,173,11,1
James Krause,13,9,4,0,0,3,782,8,10
John Phillips,6,1,5,0,0,2,94,0,0
Gadzhimurad Antigulov,6,2,4,0,0,0,43,7,2
Ali AlQaisi,2,0,2,0,0,0,73,7,2
Dequan Townsend,4,0,4,0,0,0,60,0,0
Jessin Ayari,4,1,3,0,0,0,163,0,1
Diego Sanchez,32,19,13,0,0,6,1058,36,18
Jeff Hughes,4,0,3,0,1,0,116,0,0
Khadis Ibragimov,4,0,4,0,0,0,164,3,1
Mirsad Bektic,10,6,4,0,0,2,247,27,3
Mara Romero Borella,7,2,5,0,0,0,167,8,1
Irwin Rivera,3,1,2,0,0,0,151,3,0
Brok Weaver,3,1,2,0,0,0,75,1,1
Anthony Ivy,2,0,2,0,0,0,40,5,0
Zelim Imadaev,3,0,3,0,0,0,115,1,0
Cole Smith,3,1,2,0,0,0,80,5,5
Ricardo Lamas,17,11,6,0,0,2,600,21,10
Austin Springer,1,0,1,0,0,0,14,0,0
Hannah Cifers,7,2,5,0,0,2,291,1,1
Daniel Cormier,15,11,3,0,1,2,911,23,8
John Dodson,17,10,7,0,0,11,742,11,0
Frankie Saenz,10,5,5,0,0,2,509,15,1
Rogerio Nogueira,13,6,7,0,0,4,341,1,2
Fabricio Werdum,18,12,6,0,0,4,890,16,6
Peter Sobotta,10,4,6,0,0,4,251,12,4
Raphael Pessoa,3,1,2,0,0,1,58,0,0
Nad Narimani,4,2,2,0,0,0,182,7,0
Joe Duffy,8,4,4,0,0,2,168,4,3
Brett Johns,7,5,2,0,0,0,253,29,6
Davi Ramos,7,4,3,0,0,0,203,10,3
Chris Fishgold,4,1,3,0,0,0,70,6,3
Paige VanZant,9,5,4,0,0,1,315,8,6
Danny Henry,4,2,2,0,0,2,105,1,3
Roman Bogatov,1,0,1,0,0,0,50,1,0
Lyman Good,6,3,3,0,0,3,293,1,0
Brianna Fortino,2,1,1,0,0,0,106,5,0
Oskar Piechota,6,2,3,0,1,3,163,2,5
Max Rohskopf,1,0,1,0,0,0,17,2,1
Mark De La Rosa,7,2,5,0,0,0,261,3,1
Anthony Rocco Martin,15,9,6,0,0,2,511,9,13
Charles Byrd,4,1,3,0,0,0,61,2,1
Jussier Formiga,16,9,7,0,0,2,257,22,7
Evan Dunham,21,11,9,0,1,2,1228,28,15
Klidson Abreu,4,1,2,0,1,0,96,2,0
Ray Borg,12,7,5,0,0,0,263,45,12
Aleksei Kunchenko,4,2,2,0,0,0,220,1,0
Enrique Barzola,10,6,3,0,1,0,587,42,3
Yoel Romero,13,9,4,0,0,10,667,21,0
Saparbeg Safarov,4,1,3,0,0,0,120,5,0
Gabriel Silva,2,0,2,0,0,0,39,3,1
Ben Sosoli,2,0,1,0,1,0,31,0,0
Magomed Mustafaev,5,3,2,0,0,2,94,8,1
Emil Meek,4,1,3,0,0,0,151,1,4
Callan Potter,3,1,2,0,0,0,58,4,0
Corey Anderson,15,10,5,0,0,1,721,53,0
Juan Adams,4,1,3,0,0,0,177,2,0
Darko Stosic,4,1,3,0,0,0,126,11,0
Pingyuan Liu,4,2,2,0,0,1,139,1,4
Suman Mokhtarian,2,0,2,0,0,0,38,0,0
Dong Hyun Ma,8,3,5,0,0,1,235,7,0
Urijah Faber,18,11,7,0,0,5,713,26,9
Ben Saunders,19,9,10,0,0,3,486,2,13
Daniel Teymur,5,1,4,0,0,0,165,2,1
Thiago Alves,27,15,12,0,0,13,1106,14,6
Trevor Smith,12,5,7,0,0,2,518,16,6
Sergio Moraes,14,8,5,0,1,1,423,14,5
Renan Barao,17,9,8,0,0,4,922,24,5
Isabela de Padua,1,0,1,0,0,0,15,2,1
Zabit Magomedsharipov,6,6,0,0,0,0,380,27,4
Rustam Khabilov,13,10,3,0,0,1,339,45,1
Grigory Popov,2,0,2,0,0,0,90,0,0
Chance Rencountre,4,2,2,0,0,0,49,4,1
Ben Askren,3,1,2,0,0,0,63,5,1
Stevie Ray,11,7,4,0,0,1,449,6,5
Alex White,10,4,6,0,0,4,431,7,4
Aleksandra Albu,4,2,2,0,0,0,191,6,1
Joe Lauzon,27,15,12,0,0,3,605,34,29
Manny Bermudez,5,3,2,0,0,1,86,6,6
Kyle Bochniak,7,2,5,0,0,1,276,8,0
Boston Salmon,2,0,2,0,0,0,12,0,0
Daniel Spitz,4,1,3,0,0,0,105,2,0
James Vick,14,9,5,0,0,4,472,2,5
Thomas Gifford,2,0,2,0,0,0,118,1,0
Hector Aldana,3,0,3,0,0,0,116,2,0
Lauren Mueller,4,1,3,0,0,0,176,3,0
Luke Jumeau,4,2,2,0,0,0,176,1,0
Rostem Akman,2,0,2,0,0,0,54,2,0
Nadia Kassem,3,1,2,0,0,0,102,1,6
Danilo Belluardo,2,0,2,0,0,0,13,2,0
Siyar Bahadurzada,8,4,4,0,0,5,264,8,2
Nohelin Hernandez,2,0,2,0,0,0,28,1,0
Martin Bravo,4,1,3,0,0,1,221,5,0
Carlos Huachin,2,0,2,0,0,0,52,0,0
Marco Polo Reyes,8,4,4,0,0,5,264,0,0
Sergio Pettis,14,9,5,0,0,1,819,12,5
Marcos Mariano,2,0,2,0,0,0,5,0,0
Todd Duffee,6,3,2,0,1,4,122,1,0
Ryan MacDonald,2,0,2,0,0,0,45,0,0
Mairbek Taisumov,9,7,2,0,0,4,233,7,0
Teemu Packalen,4,1,3,0,0,1,50,3,2
Nordine Taleb,12,7,5,0,0,2,453,16,0
Don Madge,2,2,0,0,0,2,42,3,1
Derrick Krantz,2,0,2,0,0,0,39,4,1
Andre Soukhamthath,7,2,5,0,0,6,266,8,1
Jodie Esquibel,4,0,4,0,0,0,246,3,0
Liz Carmouche,10,5,5,0,0,0,314,25,4
Humberto Bandenay,4,1,3,0,0,1,69,6,1
Bobby Moffett,3,0,2,0,1,0,119,6,3
Salim Touahri,3,0,3,0,0,0,117,0,0
Cristiane Justino,7,6,1,0,0,2,460,3,0
Olivier Aubin-Mercier,12,7,5,0,0,2,363,23,5
Yoshinori Horie,1,0,1,0,0,0,39,0,0
Sarah Frota,2,0,2,0,0,0,41,0,0
Erik Koch,10,5,5,0,0,2,235,7,6
Kyle Stewart,2,0,2,0,0,0,25,0,0
Jin Soo Son,2,0,2,0,0,0,153,3,0
Cezar Ferreira,15,9,6,0,0,2,297,28,5
Sheymon Moraes,5,2,3,0,0,2,188,0,0
Nicco Montano,2,1,1,0,0,0,224,6,1
Gilbert Melendez,7,1,6,0,0,0,294,3,0
Dan Moret,3,0,3,0,0,0,96,3,1
Junior Albini,5,1,4,0,0,1,116,3,0
Syuri Kondo,4,1,3,0,0,0,246,0,1
Allen Crowder,3,1,2,0,0,0,27,1,1
Eric Spicely,7,2,5,0,0,0,170,4,3
Jimi Manuwa,12,6,6,0,0,3,289,3,2
Sung Bin Jo,1,0,1,0,0,0,21,1,1
Tonya Evinger,3,0,3,0,0,0,47,2,0
Nick Hein,8,4,4,0,0,2,276,6,0
Duda Santana,1,0,1,0,0,0,42,3,0
Desmond Green,7,4,3,0,0,1,344,10,0
Patrick Cummins,13,6,7,0,0,0,498,35,1
BJ Penn,27,12,13,0,2,7,999,26,12
Talita Bernardo,4,1,3,0,0,0,174,6,2
Elias Theodorou,11,8,3,0,0,0,644,13,0
Arjan Bhullar,4,3,1,0,0,1,121,6,0
Mitch Gagnon,8,4,4,0,0,3,215,6,10
Dmitrii Smoliakov,3,0,3,0,0,0,20,0,0
John Lineker,16,12,4,0,0,12,1010,7,8
Jason Gonzalez,4,1,3,0,0,0,46,0,1
Marcelo Golm,4,1,3,0,0,0,142,1,1
Sultan Aliev,4,2,2,0,0,0,60,5,0
Keita Nakamura,11,4,7,0,0,4,337,18,4
Wilson Reis,13,7,6,0,0,0,271,51,6
Curtis Millender,5,3,2,0,0,2,222,1,0
David Branch,9,4,5,0,0,1,137,14,0
Jessica Aguilar,5,1,4,0,0,0,314,4,1
Ross Pearson,26,12,13,0,1,6,1114,15,0
Justin Willis,5,4,1,0,0,2,211,4,0
Jesus Pinedo,2,1,1,0,0,0,97,5,0
Eric Shelton,6,2,4,0,0,0,231,17,1
Jordan Rinaldi,5,2,3,0,0,0,81,5,4
Tim Boetsch,24,12,12,0,0,7,635,21,11
Zak Ottow,8,4,4,0,0,2,203,5,2
Carlo Pedersoli Jr.,3,1,2,0,0,0,86,4,0
Cain Velasquez,15,12,3,0,0,10,719,34,3
Myles Jury,12,8,4,0,0,3,327,16,2
Austin Arnett,4,1,3,0,0,0,206,2,0
Teruto Ishihara,9,3,5,0,1,8,295,3,0
Wulijiburen,3,0,3,0,0,0,65,9,1
David Teymur,6,5,1,0,0,3,299,4,0
Bibulatov Magomed,3,1,2,0,0,0,114,6,0
Dustin Ortiz,14,8,6,0,0,2,513,35,1
Dennis Bermudez,17,10,7,0,0,5,870,51,14
Te Edwards,2,0,2,0,0,1,28,1,0
Chad Mendes,14,9,5,0,0,8,381,27,2
Cat Zingano,7,3,4,0,0,0,181,13,4
Adam Milstead,4,1,2,0,1,0,127,0,0
Chris de la Rocha,4,1,3,0,0,0,121,4,2
Matthew Lopez,6,2,4,0,0,0,212,15,6
Chad Laprise,10,6,4,0,0,3,410,6,0
Mark Hunt,18,8,8,0,2,9,479,7,1
Yushin Okami,21,14,7,0,0,4,513,33,9
Ben Nguyen,7,4,3,0,0,3,210,1,4
Elias Garcia,2,0,2,0,0,1,35,1,2
Mizuto Hirota,7,1,5,0,1,0,367,9,1
Alex Gorgees,1,0,1,0,0,0,10,0,0
Justin Frazier,1,0,1,0,0,0,4,0,0
Bryan Caraway,10,6,4,0,0,0,309,19,6
Michel Batista,1,0,1,0,0,0,0,1,0
Darrell Horcher,4,1,3,0,0,0,89,1,2
Ricky Rainey,2,0,2,0,0,0,25,0,0
Rashad Coulter,4,1,3,0,0,1,174,0,0
Yuta Sasaki,9,4,5,0,0,0,139,13,5
Devin Powell,4,1,3,0,0,1,135,0,2
Amanda Cooper,6,2,4,0,0,0,174,5,6
John Gunther,2,1,1,0,0,0,28,8,0
Joby Sanchez,5,1,4,0,0,2,189,2,1
Jason Knight,9,4,5,0,0,3,338,10,13
Adam Wieczorek,3,2,1,0,0,0,62,1,1
Artem Lobov,7,2,5,0,0,0,405,3,0
Alex Garcia,10,5,5,0,0,3,212,29,1
Thibault Gouti,6,1,5,0,0,1,180,4,1
Gray Maynard,20,11,7,0,2,6,493,50,12
Ryan LaFlare,10,7,3,0,0,2,427,21,2
Luis Henrique,6,2,4,0,0,0,132,15,5
Thales Leites,21,13,8,0,0,4,562,37,20
Hector Lombard,12,3,8,0,1,7,435,15,2
Alex Chambers,5,1,4,0,0,0,135,7,3
Khalid Murtazaliev,1,1,0,0,0,0,48,5,0
CB Dollaway,20,11,9,0,0,3,436,39,13
Kajan Johnson,7,4,3,0,0,2,216,9,1
Jordan Johnson,4,4,0,0,0,0,175,11,4
Adam Yandiev,1,0,1,0,0,0,1,0,0
Terrion Ware,4,0,4,0,0,0,241,2,0
Craig White,2,0,2,0,0,1,24,0,1
Jarred Brooks,4,2,2,0,0,0,112,16,2
Robert Sanchez,3,1,2,0,0,0,20,5,1
Jake Ellenberger,21,10,11,0,0,11,417,23,4
John Moraga,14,8,6,0,0,2,433,7,12
Tim Williams,2,0,2,0,0,0,51,2,0
Iuri Alcantara,18,10,7,0,1,4,472,17,10
George Sullivan,7,3,4,0,0,0,232,6,3
Kalindra Faria,3,0,3,0,0,0,51,2,1
Jon Tuck,9,4,5,0,0,2,324,3,7
Demetrious Johnson,18,15,2,0,1,3,1173,74,12
Jose Torres,2,1,1,0,0,0,51,1,0
Danielle Taylor,5,2,3,0,0,0,206,1,1
Eddie Alvarez,8,4,3,0,1,1,400,12,1
Jordan Mein,9,5,4,0,0,3,281,14,2
Alvaro Herrera Mendoza,4,1,3,0,0,1,25,0,1
Vitor Miranda,7,3,4,0,0,0,235,5,1
Jeremy Kimball,4,1,3,0,0,1,30,1,0
Damian Stasiak,6,2,4,0,0,0,137,13,3
Sage Northcutt,8,6,2,0,0,2,267,9,3
Justin Scoggins,9,4,5,0,0,1,359,23,3
Gokhan Saki,2,1,1,0,0,2,45,0,0
Jamie Moyle,3,1,2,0,0,0,203,3,0
Joe Giannetti,1,0,1,0,0,0,29,1,0
Jay Cucciniello,1,0,1,0,0,0,14,0,0
Barb Honchak,2,0,2,0,0,0,95,0,2
Richie Smullen,1,0,1,0,0,0,7,2,0
Allan Zuniga,1,0,1,0,0,0,59,0,1
Tyler Diamond,1,0,1,0,0,0,51,3,0
Matt Bessette,2,0,2,0,0,0,100,0,0
Daichi Abe,3,1,2,0,0,1,171,1,0
Felipe Arantes,12,5,6,0,1,1,342,9,7
Rolando Dy,4,1,3,0,0,1,151,1,0
Shinsho Anzai,4,2,2,0,0,0,106,4,0
Viviane Pereira,4,2,2,0,0,0,162,1,1
Naoki Inoue,2,1,1,0,0,0,110,0,5
Jenel Lausa,4,1,3,0,0,2,78,2,3
Melinda Fabian,2,0,1,0,1,1,121,0,0
CM Punk,2,0,1,0,1,0,19,1,0
Rashad Evans,23,14,8,0,1,4,614,53,0
Mike Santiago,3,0,3,0,0,0,75,5,2
Gleison Tibau,28,16,12,0,0,2,601,84,17
Mads Burnell,3,1,2,0,0,0,50,9,1
Daniel Kelly,10,6,4,0,0,0,350,12,2
Brad Scott,8,3,5,0,0,2,327,2,4
Diego Rivas,4,2,2,0,0,1,69,6,3
Henry Briones,5,1,4,0,0,1,178,0,2
Felipe Silva,3,1,2,0,0,2,81,1,0
Lyoto Machida,24,16,8,0,0,14,716,14,8
Vitor Belfort,26,15,10,0,1,11,287,6,8
Alberto Mina,4,3,1,0,0,3,131,5,0
James Bochnovic,2,0,2,0,0,0,8,0,0
Luan Chagas,4,1,2,0,1,4,193,1,1
Patrick Williams,4,1,3,0,0,1,114,5,1
Bec Rawlings,7,2,5,0,0,0,378,4,2
Tom Duquesnoy,3,2,1,0,0,2,136,1,0
Oliver Enkamp,2,0,2,0,0,0,41,1,0
Dmitry Sosnovskiy,1,1,0,0,0,0,28,2,2
Mark Godbeer,4,2,2,0,0,0,124,0,0
Mike Pyle,19,10,9,0,0,4,383,16,14
Russell Doane,8,3,5,0,0,2,137,11,4
Albert Morales,6,1,4,0,1,0,278,3,0
Brian Camozzi,3,0,3,0,0,0,65,0,1
Joshua Burkman,19,6,12,0,1,2,543,34,4
Cyril Asker,5,2,3,0,0,0,57,5,1
Damien Brown,6,2,4,0,0,2,242,3,3
Rob Wilkinson,2,0,2,0,0,0,46,5,0
Jeremy Kennedy,4,3,1,0,0,0,122,21,0
Timothy Johnson,7,4,3,0,0,1,284,6,0
Maia Stevenson,1,0,1,0,0,0,6,1,0
Joe Soto,8,3,5,0,0,0,238,4,9
Godofredo Pepey,11,5,6,0,0,1,189,2,8
Juliana Lima,7,3,4,0,0,0,186,11,0
Francimar Barroso,9,4,4,0,1,0,318,17,0
Sabah Homasi,3,0,3,0,0,0,80,3,0
Galore Bofando,2,1,1,0,0,1,23,1,0
Abel Trujillo,11,6,4,0,1,3,273,15,3
Oluwale Bamgbose,5,1,4,0,0,2,78,2,0
Erick Silva,15,7,8,0,0,3,265,6,10
Carls John De Tomas,2,0,2,0,0,0,38,2,0
Antonio Braga Neto,3,1,2,0,0,0,40,6,1
Angela Magana,3,0,3,0,0,0,57,1,1
DeAnna Bennett,1,0,0,0,1,0,47,0,1
Christina Marks,1,0,1,0,0,0,10,1,0
Ryan Janes,4,2,2,0,0,0,327,1,0
Karine Gevorgyan,1,0,1,0,0,0,2,0,0
Ariel Beck,1,0,1,0,0,0,35,0,0
Michael Bisping,29,20,9,0,0,8,1567,26,5
Wang Guan,1,1,0,0,0,1,71,0,0
Bobby Nash,3,0,3,0,0,1,65,3,2
Kailin Curran,7,1,6,0,0,0,320,11,3
Bharat Kandare,1,0,1,0,0,0,3,0,0
Bojan Velickovic,6,2,3,0,1,1,195,4,3
Ashkan Mokhtarian,2,0,2,0,0,0,54,1,0
Will Brooks,4,1,3,0,0,0,149,7,1
Anthony Hamilton,10,3,7,0,0,1,246,11,0
Nate Marquardt,25,13,12,0,0,12,635,33,14
Michel Quinones,2,0,2,0,0,0,71,0,0
Marcel Fortuna,3,1,2,0,0,1,127,1,1
Georges St-Pierre,22,20,2,0,0,9,1313,90,24
Johny Hendricks,21,13,8,0,0,6,885,61,6
Hacran Dias,8,3,5,0,0,0,249,20,4
Christian Colombo,3,0,2,0,1,0,81,0,0
Jonathan Wilson,4,1,3,0,0,2,117,1,0
Marcin Held,4,1,3,0,0,0,103,12,3
Pearl Gonzalez,2,0,2,0,0,0,64,2,1
Marco Beltran,6,3,3,0,0,1,134,3,1
Takanori Gomi,13,4,9,0,0,2,367,1,0
Henrique da Silva,6,2,4,0,0,0,184,1,1
Chan-Mi Jeon,2,0,2,0,0,0,187,0,0
Hyun Gyu Lim,7,3,4,0,0,4,286,1,1
Azunna Anyanwu,1,0,1,0,0,0,37,0,0
Jason Saggo,6,3,3,0,0,1,161,10,0
Mitch Clarke,7,2,5,0,0,0,166,3,2
Adriano Martins,7,4,3,0,0,2,103,4,2
Abdul-Kerim Edilov,1,1,0,0,0,0,77,2,1
Bojan Mihajlovic,3,0,3,0,0,0,26,0,0
Andrew Holbrook,5,2,3,0,0,0,78,2,5
Hector Sandoval,4,2,2,0,0,0,71,5,2
Rafael Natal,17,9,7,0,1,5,656,36,7
Damian Grabowski,3,0,3,0,0,0,70,0,0
Chris Wade,7,5,2,0,0,1,137,14,6
Frankie Perez,4,1,3,0,0,1,70,5,1
James Mulheron,1,0,1,0,0,0,36,0,0
Neil Seery,7,3,4,0,0,2,344,5,10
Charlie Ward,2,0,2,0,0,0,5,0,0
Leslie Smith,7,4,3,0,0,2,477,0,0
Daniel Omielanczuk,9,4,5,0,0,2,332,4,1
Travis Browne,17,9,7,0,1,6,400,11,2
Jesse Taylor,2,1,1,0,0,0,25,3,2
Nick Roehrick,1,0,1,0,0,0,28,0,0
Tom Gallicchio,1,0,1,0,0,0,53,1,0
Joachim Christensen,4,1,3,0,0,2,93,0,0
Dennis Siver,21,12,8,0,1,7,869,13,5
Johnny Case,6,4,2,0,0,2,313,9,1
Josh Stansbury,3,1,2,0,0,0,101,0,2
Dong Hyun Kim,18,13,4,0,1,4,424,39,8
Tarec Saffiedine,6,2,4,0,0,3,360,4,1
Kwan Ho Kwak,2,0,2,0,0,0,63,1,0
Dominique Steele,5,1,4,0,0,2,139,11,0
Kiichi Kunimoto,5,3,2,0,0,0,88,5,1
Jim Wallhead,2,0,2,0,0,1,79,0,0
Alex Nicholson,4,1,3,0,0,1,117,0,1
Chris Camozzi,19,9,10,0,0,1,800,4,7
Reza Madadi,7,3,4,0,0,0,226,19,3
Nicholas Musoke,6,3,3,0,0,0,277,6,1
Michael McBride,2,0,2,0,0,0,99,3,2
Cindy Dandois,1,0,1,0,0,0,47,5,0
Joe Proctor,8,4,4,0,0,2,222,0,8
Roy Nelson,19,9,10,0,0,9,439,16,1
Rashid Magomedov,6,5,1,0,0,5,396,4,1
Augusto Mendes,3,1,2,0,0,1,83,4,0
Nathan Coy,3,1,2,0,0,0,71,5,0
Anthony Johnson,19,13,6,0,0,13,381,19,5
Gegard Mousasi,12,9,3,0,0,2,465,9,3
Patrick Cote,21,10,11,0,0,6,662,10,4
Mike de la Torre,7,2,4,0,1,1,133,1,0
Brad Pickett,14,5,9,0,0,3,465,21,2
Scott Askham,6,2,4,0,0,4,205,2,3
Rony Jason,9,4,4,0,1,2,155,3,4
Garreth McLellan,5,1,4,0,0,0,185,4,3
Sam Sicilia,12,5,7,0,0,1,255,10,6
Alex Ricci,2,0,2,0,0,0,49,0,0
Reginaldo Vieira,3,1,2,0,0,0,143,5,2
Phillipe Nover,7,1,6,0,0,0,163,6,4
Roan Carneiro,9,4,5,0,0,0,133,18,9
Michinori Tanaka,5,2,3,0,0,0,148,12,1
Daniel Jolly,2,0,2,0,0,0,6,0,0
JC Cottrell,2,0,2,0,0,0,15,1,0
Viktor Pesta,5,1,4,0,0,0,79,11,0
Jocelyn Jones-Lybarger,3,0,3,0,0,0,129,1,0
Ronda Rousey,8,6,2,0,0,2,118,8,5
Brandon Thatch,6,2,4,0,0,3,119,4,2
Cole Miller,20,10,9,0,1,4,605,8,24
James Moontasri,6,2,4,0,0,2,142,0,1
Takeya Mizugaki,14,8,6,0,0,3,613,16,1
Fredy Serrano,4,2,2,0,0,1,67,8,0
Tim Kennedy,5,3,2,0,0,1,193,10,1
Valerie Letourneau,6,3,3,0,0,1,441,5,2
Zach Makovsky,7,3,4,0,0,0,204,26,2
Sean O'Connell,7,2,5,0,0,3,304,0,2
Joseph Gigliotti,2,0,2,0,0,0,20,2,1
Tiago dos Santos e Silva,4,2,2,0,0,0,177,2,1
Keith Berish,2,0,1,0,1,0,61,2,0
Brendan O'Reilly,4,1,3,0,0,0,90,7,2
Elvis Mutapcic,3,0,2,0,1,0,131,0,0
Kyle Noke,12,6,6,0,0,3,357,11,4
Yusuke Kasuya,2,0,2,0,0,0,48,2,0
Seo Hee Ham,4,1,3,0,0,0,252,0,1
Jonathan Meunier,2,1,1,0,0,0,90,1,0
Richard Walsh,6,2,4,0,0,3,297,8,1
Geane Herrera,4,1,3,0,0,1,82,3,2
Guangyou Ning,4,2,2,0,0,0,146,4,1
Yao Zhikui,4,1,3,0,0,0,66,2,0
Ryan Bader,20,15,5,0,0,7,577,46,6
Manvel Gamburyan,15,6,8,0,1,1,282,30,8
Magnus Cedenblad,6,4,2,0,0,1,112,9,3
Ali Bagautinov,7,4,3,0,0,2,323,19,2
Anna Elmose,2,0,2,0,0,1,69,0,0
Milana Dudieva,3,1,2,0,0,0,28,5,0
Heather Clark,3,1,2,0,0,0,166,1,1
Erik Perez,9,7,2,0,0,3,285,19,1
Erick Montano,3,1,2,0,0,0,73,4,0
Jason Novelli,2,0,2,0,0,0,37,1,0
Chris Avila,2,0,2,0,0,0,71,0,0
Dan Henderson,18,9,9,0,0,9,526,15,5
Albert Tumenov,8,5,3,0,0,5,279,1,0
Lukasz Sajewski,3,0,3,0,0,0,61,2,0
Tamdan McCrory,9,4,5,0,0,0,160,11,11
Cody East,2,0,2,0,0,0,47,3,0
Kelly Faszholz,2,0,2,0,0,0,120,0,0
Antonio Silva,11,3,7,0,1,4,194,0,0
Hector Urbina,3,1,2,0,0,0,19,0,5
Glaico Franca Moreira,3,1,2,0,0,0,105,8,1
Kenny Robertson,9,4,5,0,0,2,327,8,5
Maximo Blanco,9,4,5,0,0,2,331,11,2
Augusto Montano,3,1,2,0,0,0,118,0,0
Leonardo Guimaraes,2,0,2,0,0,0,70,0,2
Joey Gomez,2,0,2,0,0,1,59,1,0
Caio Magalhaes,7,4,3,0,0,2,129,4,6
Sean Spencer,8,3,5,0,0,3,456,1,0
Josh Barnett,10,7,3,0,0,1,392,5,5
Tae Hyun Bang,5,2,3,0,0,3,166,2,2
Leandro Issa,5,2,3,0,0,0,131,10,5
Leandro Silva,8,3,4,0,1,0,244,12,3
Kevin Casey,7,1,3,0,3,1,170,3,2
Shane Campbell,5,1,4,0,0,0,176,4,0
Rick Story,19,12,7,0,0,6,901,40,14
Elizabeth Phillips,4,1,3,0,0,0,156,3,1
Lorenz Larkin,10,5,5,0,0,3,391,1,0
Alberto Uda,2,0,2,0,0,0,19,2,0
Horacio Gutierrez,2,0,2,0,0,0,15,0,0
Tatsuya Kawajiri,6,3,3,0,0,0,136,18,2
Francisco Rivera,11,4,6,0,1,5,421,7,4
Michael Graves,3,2,0,0,1,0,47,12,1
Cesar Arzamendia,2,0,2,0,0,0,33,3,1
Jim Alers,4,1,2,0,1,1,135,7,1
Michael McDonald,9,6,3,0,0,5,216,6,7
Josh Samman,5,3,2,0,0,2,86,3,1
Cristina Stanciu,2,0,2,0,0,0,44,1,2
Cody Pfister,4,1,3,0,0,0,60,8,0
Brock Lesnar,8,4,3,0,1,2,213,15,2
Enrique Marin,2,0,2,0,0,0,43,5,2
Thiago Tavares,18,10,7,0,1,0,329,42,16
Fernando Bruno,2,0,2,0,0,0,52,4,1
Cory Hendricks,1,0,1,0,0,0,47,0,0
Anton Zafir,2,0,2,0,0,0,22,3,0
Mehdi Baghdad,2,0,2,0,0,1,61,0,0
Dileno Lopes,2,0,2,0,0,0,71,5,3
Jerrod Sanders,4,1,2,0,1,0,24,4,3
Rory MacDonald,13,9,4,0,0,1,667,21,5
Steve Bosse,3,2,1,0,0,1,98,1,0
Chris Beal,5,2,3,0,0,1,226,7,1
Yan Cabral,5,2,3,0,0,1,115,11,4
Dominic Waters,3,0,3,0,0,0,16,9,0
Willie Gates,4,1,3,0,0,2,67,0,1
Chris Kelades,4,2,2,0,0,0,139,4,1
Clint Hester,7,4,3,0,0,3,248,5,0
Efrain Escudero,12,5,7,0,0,5,435,13,8
Gabriel Gonzaga,22,12,10,0,0,7,293,24,11
Igor Pokrajac,13,4,8,0,1,4,272,7,2
Ian Entwistle,3,1,2,0,0,0,1,0,7
Filip Pejic,1,0,1,0,0,0,0,0,0
Lucas Martins,7,4,3,0,0,3,177,0,2
Robert Whiteford,5,2,3,0,0,1,129,7,0
Frank Mir,27,16,11,0,0,8,339,21,21
James Te Huna,10,5,5,0,0,2,242,11,1
Mark Eddiva,4,1,3,0,0,0,139,4,0
Rin Nakai,2,0,2,0,0,0,47,6,1
Viscardi Andrade,4,3,1,0,0,2,152,6,1
Tom Lawlor,11,6,5,0,0,3,244,16,9
Marcelo Guimaraes,4,2,2,0,0,0,211,6,0
Justin Salas,7,3,4,0,0,1,169,8,0
Mike Wilkinson,4,2,2,0,0,1,77,2,2
Chris Dempsey,4,1,3,0,0,0,51,4,0
Yaotzin Meza,7,2,4,0,1,0,121,6,8
Norman Parke,9,5,3,0,1,0,394,17,0
Martin Svensson,1,0,1,0,0,0,13,0,0
Joe Riggs,12,5,7,0,0,1,165,13,2
Daniel Sarafian,6,2,4,0,0,1,94,1,2
Jonavin Webb,2,0,2,0,0,1,44,5,2
Jared Rosholt,8,6,2,0,0,0,222,13,1
Rafael Cavalcante,5,1,4,0,0,1,83,0,0
KJ Noons,6,2,3,0,1,1,163,0,0
Noad Lahat,4,2,2,0,0,0,106,6,6
Masio Fullen,3,1,2,0,0,0,78,1,0
Matt Dwyer,4,1,3,0,0,2,88,1,0
Levan Makashvili,3,1,1,0,1,0,129,11,0
Felipe Olivieri,1,0,1,0,0,0,87,0,0
Matt Mitrione,14,9,5,0,0,9,313,0,4
Daron Cruickshank,13,6,6,0,1,5,381,18,2
Diego Brandao,10,6,4,0,0,3,233,17,3
Tony Sims,3,1,2,0,0,1,38,1,1
Masanori Kanehara,3,1,2,0,0,0,71,4,3
Sheldon Westcott,3,1,2,0,0,0,63,6,0
Edgar Garcia,4,0,4,0,0,0,69,4,1
Sarah Kaufman,4,1,2,0,1,0,381,2,0
Danny Castillo,14,7,7,0,0,2,471,31,3
Hayder Hassan,2,0,2,0,0,0,18,0,0
Marcio Alexandre Junior,3,0,3,0,0,0,67,1,1
Marcin Wrzosek,1,0,1,0,0,0,52,3,0
Konstantin Erokhin,2,0,2,0,0,0,32,0,0
Mike Pierce,14,9,5,0,0,3,442,31,3
Abner Lloveras,1,0,1,0,0,0,94,2,0
John Howard,14,7,7,0,0,2,369,31,5
Andreas Stahl,2,0,2,0,0,0,55,2,0
Emily Kagan,2,0,2,0,0,0,63,3,0
Benson Henderson,14,11,3,0,0,3,826,32,10
Yoshihiro Akiyama,7,2,5,0,0,0,301,12,1
Dongi Yang,5,2,3,0,0,2,219,7,2
Yui Chul Nam,3,1,2,0,0,3,159,4,1
Leo Kuntz,2,0,2,0,0,0,38,3,1
Scott Jorgensen,12,4,8,0,0,1,393,21,2
Vernon Ramos Ho,1,0,1,0,0,0,2,0,0
Valmir Lazaro,3,1,2,0,0,0,219,4,0
Akbarh Arreola,4,1,3,0,0,2,97,3,1
Anthony Perosh,12,5,7,0,0,2,151,9,5
Danny Martinez,4,1,3,0,0,1,193,14,0
Richie Vaculik,4,1,3,0,0,0,166,9,3
Steve Montgomery,2,0,2,0,0,0,86,0,0
Steve Kennedy,2,0,2,0,0,0,41,3,0
Piotr Hallmann,6,2,4,0,0,0,281,12,2
Fabio Maldonado,11,5,6,0,0,1,717,4,5
Edimilson Souza,4,3,1,0,0,2,155,0,0
Gasan Umalatov,4,1,3,0,0,0,134,3,0
Bruno Korea,1,0,1,0,0,1,27,0,0
Paddy Holohan,5,3,2,0,0,1,122,11,5
Jon Delos Reyes,4,1,3,0,0,2,70,5,3
Mickael Lebout,3,1,2,0,0,0,117,0,0
Aisling Daly,3,2,1,0,0,0,102,5,2
Ericka Almeida,2,0,2,0,0,0,32,1,0
Cathal Pendred,6,4,2,0,0,0,182,12,2
Bubba Bush,2,0,1,0,1,0,10,3,0
Ruslan Magomedov,3,3,0,0,0,1,181,1,0
Shawn Jordan,10,6,4,0,0,3,235,9,0
Francisco Trevino,3,1,2,0,0,0,82,2,0
Chris Cariaso,13,7,6,0,0,0,591,10,7
Chico Camus,8,3,4,0,1,0,302,6,3
George Roop,13,5,8,0,0,2,471,8,1
Katsunori Kikuno,5,2,3,0,0,0,79,4,1
Naoyuki Kotani,5,0,5,0,0,0,55,3,3
Roger Zapata,1,0,1,0,0,0,28,0,1
Clay Collard,4,1,3,0,0,2,248,11,2
Ron Stallings,3,1,2,0,0,0,84,0,0
Nazareno Malegarie,1,0,1,0,0,0,58,1,0
Sam Stout,20,9,11,0,0,3,995,10,2
Yves Jabouin,10,5,5,0,0,1,300,13,0
Elias Silverio,5,3,2,0,0,1,273,8,1
Tom Watson,7,2,5,0,0,1,400,1,0
Sirwan Kakai,2,1,1,0,0,1,107,8,0
Roman Salazar,3,0,2,0,1,0,33,2,0
Anthony Christodoulou,2,0,2,0,0,0,40,0,0
Antonio Rodrigo Nogueira,11,5,6,0,0,4,264,8,10
Soa Palelei,7,4,3,0,0,0,121,9,0
Hugo Viana,6,3,3,0,0,4,205,1,0
Ramsey Nijem,10,5,5,0,0,3,258,30,6
Jessamyn Duke,4,1,3,0,0,0,229,4,6
Ivan Jorge,4,2,2,0,0,0,164,5,2
Pawel Pawlak,3,1,2,0,0,0,75,3,0
Leonardo Mafra,4,1,3,0,0,0,161,5,1
Vaughan Lee,8,3,5,0,0,1,258,4,5
Hans Stringer,3,1,2,0,0,0,79,4,0
Paul Redmond,2,0,2,0,0,0,13,0,0
Marcus Brimage,8,4,4,0,0,2,319,3,0
Josh Thomson,7,3,4,0,0,2,197,11,0
Igor Araujo,4,2,2,0,0,0,80,3,2
Ildemar Alcantara,7,4,3,0,0,0,188,13,6
Andrew Craig,7,3,4,0,0,2,205,3,0
Dan Miller,13,6,7,0,0,2,298,15,16
Darrell Montague,3,0,3,0,0,0,40,1,2
Mike Swick,15,10,5,0,0,4,287,8,5
Yosdenis Cedeno,4,1,3,0,0,1,82,0,1
Eddie Gordon,4,1,3,0,0,1,79,5,0
Joe Merritt,1,0,1,0,0,0,23,0,0
Lewis Gonzalez,1,0,1,0,0,0,21,2,0
Alan Omer,2,0,2,0,0,0,93,3,0
Niklas Backstrom,3,1,2,0,0,0,23,4,3
Antonio Dos Santos,2,0,2,0,0,1,48,0,0
Brian Ebersole,8,5,3,0,0,1,241,10,1
Justin Edwards,7,2,5,0,0,1,207,11,5
Ricardo Abreu,2,1,1,0,0,2,80,3,1
Leonardo Morales,2,0,2,0,0,0,36,0,0
Ryan Jimmo,7,3,4,0,0,4,207,2,0
Wendell Oliveira Marques,2,0,2,0,0,0,30,0,0
Luiz Dutra,2,0,2,0,0,0,31,0,0
Josh Sampo,4,1,3,0,0,0,85,3,6
Constantinos Philippou,10,6,4,0,0,5,244,3,2
Mark Munoz,15,9,6,0,0,2,394,28,5
Luke Barnatt,6,3,3,0,0,2,317,3,2
Zhang Lipeng,4,2,2,0,0,0,77,7,3
Royston Wee,3,2,1,0,0,0,44,9,0
Roldan Sangcha'an,2,0,2,0,0,0,63,3,0
Nolan Ticman,2,0,2,0,0,0,77,0,0
Hatsu Hioki,8,3,5,0,0,0,252,18,5
Lisa Ellis,2,0,2,0,0,0,11,3,1
Dylan Andrews,5,2,3,0,0,3,82,7,1
Vik Grujic,4,1,3,0,0,0,85,3,1
Alptekin Ozkilic,4,1,3,0,0,0,190,14,0
Quinton Jackson,13,8,5,0,0,8,514,6,0
David Michaud,3,1,2,0,0,0,135,7,2
Chris Clements,5,2,2,0,1,2,165,0,1
Jessica Rakoczy,2,0,2,0,0,0,50,1,1
Jimy Hettes,6,3,3,0,0,0,220,22,6
Mirko Filipovic,11,5,6,0,0,3,236,2,3
Seth Baczynski,11,5,6,0,0,2,310,6,5
Izabela Badurek,1,0,1,0,0,0,32,1,0
Marcin Bandel,2,0,2,0,0,0,6,0,0
Rocky Lee,1,0,1,0,0,0,37,1,0
Robert Peralta,8,4,3,0,1,4,302,4,0
Justin Jones,2,0,2,0,0,0,51,2,1
Josh Koscheck,25,15,10,0,0,4,428,40,7
Shayna Baszler,2,0,2,0,0,0,9,1,1
Cain Carrizosa,2,0,2,0,0,1,44,0,0
Jorge de Oliveira,2,0,2,0,0,0,23,0,0
Bentley Syler,1,0,1,0,0,0,15,0,0
Roger Narvaez,3,1,2,0,0,1,67,0,2
Josh Copeland,2,0,2,0,0,0,29,0,0
Jake Lindsey,3,0,3,0,0,0,79,1,0
Larissa Pacheco,2,0,2,0,0,0,14,0,0
Norifumi Yamamoto,4,0,3,0,1,0,71,2,0
Ruan Potts,3,0,3,0,0,0,17,1,3
Alex Torres,1,0,1,0,0,0,37,2,0
William Macario,4,1,3,0,0,0,200,5,0
Josh Shockley,2,0,2,0,0,0,28,0,1
Patrick Walsh,2,1,1,0,0,0,61,6,3
Rodrigo de Lima,2,0,2,0,0,0,29,4,2
Ian McCall,6,2,3,0,1,0,346,11,0
Richardson Moreira,2,0,2,0,0,0,18,0,0
Andy Enz,3,0,3,0,0,0,112,0,0
Phil Davis,13,9,3,0,1,0,485,31,6
Akira Corassani,6,3,3,0,0,0,139,2,0
Andy Ogle,6,1,5,0,0,1,163,7,0
Stanislav Nedkov,4,1,2,0,1,2,90,5,0
Shane Howell,2,0,2,0,0,0,22,0,0
Matt Van Buren,2,0,2,0,0,0,102,0,0
Tateki Matsuda,2,0,2,0,0,0,96,0,0
Louis Gaudinot,5,1,3,0,1,0,124,2,4
Rodrigo Damm,7,3,4,0,0,0,346,3,2
Mats Nilsson,2,0,2,0,0,0,58,5,3
Alexis Dufresne,2,0,2,0,0,0,40,3,0
Mike Rhodes,3,0,3,0,0,0,100,2,1
Tom Niinimaki,4,1,3,0,0,0,58,6,1
Jamie Varner,9,3,6,0,0,2,243,23,6
Joe Ellenberger,2,1,1,0,0,0,46,6,2
Garett Whiteley,3,0,3,0,0,0,126,0,2
Dustin Kimura,5,2,3,0,0,0,64,3,7
Brendan Schaub,11,6,5,0,0,4,227,12,2
Matt Hobar,3,1,2,0,0,1,106,8,0
Isaac Vallie-Flagg,4,1,3,0,0,0,284,1,0
Yves Edwards,21,10,10,0,1,8,561,6,10
Juan Manuel Puig,2,0,2,0,0,0,13,0,0
Chris Heatherly,2,0,2,0,0,0,12,2,0
Humberto Brown Morrison,1,0,1,0,0,0,18,1,0
Rodolfo Rubio Perez,1,0,1,0,0,0,17,2,0
Charlie Brenneman,11,4,7,0,0,0,129,24,0
Tim Gorman,2,0,2,0,0,0,82,2,0
Wagner Silva,2,0,2,0,0,0,33,0,0
Vagner Rocha,4,1,3,0,0,0,85,3,4
Guto Inocente,2,0,2,0,0,0,7,0,0
Luke Zachrich,3,1,2,0,0,0,92,1,0
Jumabieke Tuerxun,3,0,3,0,0,0,51,1,2
Fabricio Camoes,6,1,4,0,1,0,66,8,5
Bruno Santos,3,1,2,0,0,0,53,9,1
Anthony Njokuani,8,3,5,0,0,1,427,3,1
Tor Troeng,4,1,3,0,0,0,56,2,1
Ernest Chavez,3,1,2,0,0,0,94,2,0
Amir Sadollah,11,6,5,0,0,0,621,5,3
Takenori Sato,2,0,2,0,0,0,1,0,0
Kazuki Tokudome,4,1,3,0,0,1,119,7,0
Dashon Johnson,2,0,2,0,0,0,18,1,1
Paulo Thiago,13,5,8,0,0,4,254,14,12
Johnny Bedford,6,2,3,0,1,3,186,5,0
Francis Carmont,9,6,3,0,0,1,224,13,5
Cung Le,4,2,2,0,0,1,133,2,0
Jianping Yang,1,0,1,0,0,0,21,1,0
Sai Wang,2,1,1,0,0,0,95,0,0
Danny Mitchell,2,0,2,0,0,0,76,0,6
Roland Delorme,7,3,3,0,1,2,150,11,7
Anying Wang,2,1,1,0,0,0,13,0,0
Jack May,2,0,2,0,0,0,25,1,0
Kyle Kingsbury,9,4,5,0,0,1,304,18,0
Hernani Perpetuo,2,0,2,0,0,0,82,0,1
Steven Siler,9,5,4,0,0,1,305,3,10
Phil Harris,5,1,3,0,1,0,100,5,0
Mike King,1,0,1,0,0,1,38,1,2
Cody Donovan,4,1,3,0,0,2,101,2,2
Pat Healy,6,0,5,0,1,0,255,9,2
Tina Lahdemaki,1,0,1,0,0,0,29,0,0
Daniel Spohn,1,0,1,0,0,0,24,0,2
Robert Drysdale,1,0,0,0,1,0,0,1,3
Guilherme Vasconcelos,1,0,1,0,0,0,49,0,0
Colton Smith,4,1,3,0,0,1,54,9,3
Chris Indich,2,0,2,0,0,0,26,1,2
Mike Easton,7,3,4,0,0,1,351,5,0
Jason High,5,2,3,0,0,0,42,8,9
Lance Benoist,4,2,2,0,0,1,221,6,0
Bobby Voelker,4,0,4,0,0,0,191,4,0
Chris Holdsworth,2,2,0,0,0,0,41,5,3
Ben Wall,2,0,2,0,0,0,5,0,0
Anthony Lapsley,2,0,2,0,0,0,10,0,0
Estevan Payan,3,0,3,0,0,0,67,1,1
Mark Bocek,13,8,5,0,0,0,347,36,13
Ronny Markes,5,3,2,0,0,0,125,12,2
Thiago Perpetuo,3,1,2,0,0,2,86,3,0
Jake Shields,8,4,3,0,1,0,349,10,1
Renee Forte,4,1,3,0,0,1,94,7,0
Will Campuzano,4,0,4,0,0,0,123,5,1
Robert McDaniel,3,1,2,0,0,0,53,2,3
Melvin Guillard,22,12,9,0,1,13,448,14,2
Cyrille Diabate,8,4,4,0,0,3,254,5,1
John Hathaway,9,7,2,0,0,2,410,21,7
Ivan Menjivar,9,4,5,0,0,2,207,2,6
Nam Phan,8,2,6,0,0,0,607,1,1
Albert Cheng,1,0,1,0,0,0,5,0,0
TJ Waldburger,8,4,4,0,0,2,120,12,19
Rafaello Oliveira,8,2,6,0,0,0,185,14,9
Cristiano Marcello,4,1,3,0,0,0,170,2,1
Nick Catone,8,4,4,0,0,0,196,23,3
Ramiro Hernandez,2,0,2,0,0,0,44,0,0
Mike Rio,4,1,3,0,0,0,49,5,2
Brian Houston,2,0,2,0,0,0,30,1,0
Shunichi Shimizu,1,0,1,0,0,0,2,0,0
Will Chope,1,0,1,0,0,0,33,0,0
Quinn Mulhern,2,0,2,0,0,0,25,0,0
Dave Galera,1,0,1,0,0,0,25,0,2
Chris Leben,22,12,10,0,0,5,572,17,10
Mac Danzig,13,5,8,0,0,3,492,12,6
Cody McKenzie,7,3,4,0,0,0,94,9,9
Roger Bowling,3,0,2,0,1,0,79,5,3
Darren Uyenoyama,4,2,2,0,0,0,66,4,3
Pat Barry,12,5,7,0,0,8,188,0,1
Julie Kedzie,2,0,2,0,0,0,82,2,0
Nick Ring,6,3,3,0,0,0,312,8,2
Peggy Morgan,1,0,1,0,0,0,34,0,0
Chael Sonnen,14,7,7,0,0,0,410,37,4
Edwin Figueroa,6,2,4,0,0,2,193,1,3
Jose Maria,2,0,2,0,0,0,62,3,3
Alessio Sakara,15,6,8,0,1,4,299,11,0
Rosi Sexton,2,0,2,0,0,0,122,2,0
Michael Kuiper,4,1,3,0,0,3,107,5,0
George Sotiropoulos,11,7,4,0,0,1,281,17,12
Adlan Amagov,2,2,0,0,0,1,53,6,0
Jeremy Larsen,3,0,3,0,0,1,88,3,0
Dustin Pague,6,1,5,0,0,0,96,4,10
Thiago Silva,12,7,3,0,2,4,412,6,4
Matt Hamill,15,10,5,0,0,1,571,31,0
Joey Beltran,10,3,6,0,1,0,583,5,0
Rousimar Palhares,12,8,4,0,0,1,131,14,16
David Mitchell,5,1,4,0,0,0,118,3,9
Iliarde Santos,3,0,3,0,0,0,81,3,0
Mike Ricci,3,1,2,0,0,0,81,2,0
Nandor Guelmino,1,0,1,0,0,0,56,0,0
Marcos Vinicius,3,1,2,0,0,0,59,0,1
Joao Zeferino,2,0,2,0,0,0,25,1,2
Keith Wisniewski,4,0,4,0,0,0,125,6,1
Yuri Villefort,2,0,2,0,0,0,117,4,1
Brandon Vera,16,8,7,0,1,7,503,8,2
Pascal Krauss,4,2,2,0,0,0,267,5,3
Ryan Couture,2,0,2,0,0,0,74,1,0
Jared Hamman,7,2,5,0,0,1,280,2,0
Martin Kampmann,17,11,6,0,0,5,494,19,21
Brian Melancon,2,1,1,0,0,1,31,1,0
Papy Abedi,4,1,3,0,0,0,97,8,3
James Head,5,2,3,0,0,1,101,1,2
Ben Alloway,3,1,2,0,0,1,31,1,0
Mike Brown,6,2,4,0,0,0,197,13,0
Vinny Magalhaes,5,1,4,0,0,0,83,4,2
Sheila Gaff,2,0,2,0,0,0,10,0,0
Josh Clopton,2,0,2,0,0,0,48,4,0
Ednaldo Oliveira,2,0,2,0,0,0,19,0,0
Bristol Marunde,2,0,2,0,0,0,21,3,0
Aaron Riley,9,3,6,0,0,0,314,8,1
John Albert,5,1,4,0,0,1,67,0,9
Roger Gracie,1,0,1,0,0,0,12,2,0
Dave Herman,5,1,4,0,0,1,125,3,0
Sean Pierson,6,4,2,0,0,1,298,2,2
John Maguire,5,2,3,0,0,0,98,13,5
Eddie Mendez,1,0,1,0,0,0,4,0,0
Karlos Vemola,6,2,4,0,0,0,91,7,6
TJ Grant,11,8,3,0,0,5,510,14,5
Nah-Shon Burrell,2,1,1,0,0,0,177,0,1
Brian Bowles,4,2,2,0,0,1,85,2,2
John Cholish,3,1,2,0,0,0,93,2,0
Roger Hollett,2,0,2,0,0,0,55,2,0
Azamat Gashimov,2,0,2,0,0,0,11,1,0
Alan Belcher,15,9,6,0,0,3,372,4,8
Cheick Kongo,18,11,6,0,1,4,574,24,3
Leonard Garcia,9,2,7,0,0,1,334,4,3
Clifford Starks,3,1,2,0,0,0,45,3,0
Gilbert Smith,1,0,1,0,0,0,14,3,1
Collin Hart,1,0,1,0,0,0,95,2,0
Jimmy Quinlan,1,0,1,0,0,0,7,1,0
Bart Palaszewski,4,1,3,0,0,1,98,0,3
Justin Lawrence,3,1,2,0,0,1,86,2,0
Philip De Fries,5,2,3,0,0,1,63,6,1
Pablo Garza,6,3,3,0,0,1,157,3,3
Adam Cella,1,0,1,0,0,0,2,0,0
Chris Spang,1,0,1,0,0,0,5,0,0
Besam Yousef,2,0,2,0,0,0,71,2,0
Colin Fletcher,2,0,2,0,0,0,93,0,0
Antonio Carvalho,4,2,2,0,0,1,104,0,0
Issei Tamura,3,1,2,0,0,2,31,1,0
Reuben Duran,4,1,3,0,0,0,147,3,2
Wanderlei Silva,12,5,7,0,0,9,325,2,1
Brian Stann,11,6,5,0,0,7,333,0,3
Riki Fukuda,5,2,3,0,0,0,350,13,0
Josh Neer,15,6,9,0,0,1,473,10,13
Lavar Johnson,4,2,2,0,0,2,144,1,0
Anton Kuivanen,3,1,2,0,0,0,85,3,1
Matt Grice,7,2,5,0,0,3,252,9,2
Caros Fodor,1,0,1,0,0,0,47,3,0
Brock Jardine,2,0,2,0,0,0,19,0,1
Jon Manley,1,0,1,0,0,0,17,1,0
Jorge Santiago,6,1,5,0,0,1,104,2,3
Che Mills,4,2,1,0,1,2,53,2,0
Matthew Riddle,12,7,3,0,2,0,503,39,6
Terry Etim,11,6,5,0,0,2,229,3,10
Paul Sass,5,3,2,0,0,0,15,1,14
Josh Grispi,4,0,4,0,0,0,40,7,4
Motonobu Tezuka,2,0,2,0,0,0,26,3,1
Ulysses Gomez,2,0,2,0,0,0,51,0,0
Jon Fitch,18,14,3,0,1,2,630,58,14
Jay Hieron,4,0,4,0,0,0,47,9,3
Jacob Volkmann,10,6,4,0,0,0,134,24,15
Mike Stumpf,2,0,2,0,0,0,63,2,1
Vladimir Matyushenko,12,7,5,0,0,1,193,19,1
Mike Russow,6,4,2,0,0,1,98,18,2
Simeon Thoresen,3,1,2,0,0,0,103,2,3
Milton Vieira,2,0,1,0,1,0,47,6,0
Diego Nunes,6,3,3,0,0,3,266,5,0
Pedro Nobre,1,0,0,0,1,0,3,0,0
Wagner Prado,3,0,2,0,1,0,32,0,0
CJ Keith,2,0,2,0,0,0,8,0,0
Byron Bloodworth,2,0,2,0,0,0,25,0,0
Shane del Rosario,2,0,2,0,0,0,46,1,2
Jonathan Brookins,5,2,3,0,0,0,126,6,1
John Cofer,2,0,2,0,0,0,67,2,0
Jared Papazian,3,0,3,0,0,0,111,0,0
Manuel Rodriguez,1,0,1,0,0,0,4,3,0
Brendan Loughnane,1,0,1,0,0,1,75,0,0
Nick Penner,2,0,2,0,0,1,12,0,0
Henry Martinez,3,1,2,0,0,0,106,0,0
Marcus LeVesseur,3,1,2,0,0,0,69,7,1
Mark Hominick,7,3,4,0,0,3,294,2,1
Chad Griggs,2,0,2,0,0,0,2,1,0
Rich Franklin,20,14,6,0,0,10,856,14,2
Zhang Tiequan,4,1,3,0,0,0,52,2,5
Jeff Hougland,3,1,2,0,0,0,93,2,4
Yasuhiro Urushitani,2,0,2,0,0,0,70,0,0
Tom DeBlass,2,0,2,0,0,0,45,2,1
Stephan Bonnar,15,8,7,0,0,2,459,17,13
Joey Gambino,2,0,2,0,0,0,44,0,1
Luiz Cane,9,4,5,0,0,6,258,2,1
Aaron Simpson,11,7,4,0,0,6,454,32,4
Carlo Prater,3,1,2,0,0,0,69,0,4
Shane Roller,6,2,4,0,0,1,124,5,2
Dan Hardy,10,6,4,0,0,3,304,6,3
Duane Ludwig,9,4,5,0,0,1,307,1,0
DaMarques Johnson,10,4,6,0,0,2,134,5,3
Jason Young,4,1,3,0,0,0,135,6,0
Walel Watson,4,1,3,0,0,2,68,0,3
Buddy Roberts,2,1,1,0,0,0,50,0,1
Tommy Hayden,2,0,2,0,0,1,13,2,0
Ken Stone,4,2,2,0,0,0,90,2,1
Eiji Mitsuoka,2,0,2,0,0,1,37,1,1
Oli Thompson,2,0,2,0,0,0,47,0,1
Michihiro Omigawa,7,1,6,0,0,1,217,8,8
Damacio Page,3,0,3,0,0,0,47,3,1
Josh Ferguson,2,0,2,0,0,0,54,1,0
Dan Stittgen,2,0,2,0,0,0,57,1,0
Forrest Griffin,15,10,5,0,0,1,796,10,8
Tito Ortiz,27,15,11,0,1,2,707,58,8
John Alessio,5,0,5,0,0,0,99,2,3
Yoislandy Izquierdo,2,0,2,0,0,0,63,0,0
Anistavio Medeiros,1,0,1,0,0,0,8,0,0
Delson Heleno,1,0,1,0,0,0,3,0,0
John Teixeira,1,0,1,0,0,0,52,1,0
Wagner Campos,1,0,1,0,0,0,17,2,0
Spencer Fisher,17,9,8,0,0,3,637,9,10
Luis Ramos,2,0,2,0,0,0,24,1,0
Ricardo Funch,4,0,4,0,0,0,95,3,0
Carlos Eduardo Rocha,3,1,2,0,0,0,40,0,3
Bernardo Magalhaes,2,0,2,0,0,0,54,0,1
Jake Hecht,3,1,2,0,0,0,72,3,0
Pat Schilling,2,0,2,0,0,0,31,0,0
Chris Tickle,1,0,1,0,0,0,16,1,2
Chris Saunders,1,0,1,0,0,0,6,1,0
Jason Miller,3,0,3,0,0,0,57,2,2
Jorge Lopez,2,0,2,0,0,0,74,7,0
Jason MacDonald,14,6,8,0,0,0,130,8,11
Kamal Shalorus,3,0,3,0,0,0,41,1,0
Jeff Curran,3,0,3,0,0,0,81,0,2
Alex Soto,2,0,2,0,0,0,47,3,0
Nick Denis,2,1,1,0,0,1,35,1,0
Mike Massenzio,7,2,5,0,0,1,114,10,5
Miguel Torres,4,2,2,0,0,0,155,0,3
Eddie Yagin,2,1,1,0,0,2,94,0,2
Eric Wisely,2,0,2,0,0,0,38,0,0
Aaron Rosa,3,1,2,0,0,0,132,0,0
Mackens Semerzier,3,1,1,0,1,0,68,4,1
Steve Cantwell,6,1,5,0,0,0,250,3,3
Chris Cope,3,1,2,0,0,0,87,0,0
Jon Olav Einemo,2,0,2,0,0,0,65,1,0
Christian Morecraft,4,1,3,0,0,0,78,6,4
Jorge Rivera,15,8,7,0,0,8,378,7,1
Eric Schafer,9,3,6,0,0,0,141,9,9
Daniel Roberts,7,3,4,0,0,0,49,11,11
Joseph Sandoval,2,0,2,0,0,0,3,0,0
Junior Assuncao,5,2,3,0,0,1,143,7,2
Claude Patrick,4,3,1,0,0,0,93,8,6
Krzysztof Soszynski,9,6,3,0,0,1,288,3,6
Dennis Hallman,9,4,5,0,0,1,94,10,12
Rich Attonito,5,3,2,0,0,2,138,3,0
Stephen Bass,1,0,1,0,0,0,73,0,0
Dustin Neace,1,0,1,0,0,0,18,0,1
Jason Brilz,7,3,4,0,0,0,185,11,6
Nick Pace,3,1,2,0,0,0,80,10,2
Shamar Bailey,3,1,2,0,0,0,71,5,0
Clay Harvison,3,1,2,0,0,0,75,1,2
Cole Escovedo,3,0,3,0,0,0,82,2,0
Paul Bradley,2,0,2,0,0,0,76,3,0
Matt Lucas,1,0,1,0,0,0,19,1,0
Edward Faaloloto,2,0,2,0,0,0,17,0,0
Rob Broughton,3,1,2,0,0,0,118,0,9
Tyson Griffin,14,8,6,0,0,2,612,20,10
Eliot Marshall,6,3,3,0,0,1,123,2,4
Danny Downes,2,0,2,0,0,0,38,0,1
Kenny Florian,17,12,5,0,0,1,454,26,13
Matt Hughes,25,18,7,0,0,3,531,47,16
Ricardo Romero,3,1,2,0,0,0,20,1,2
Donny Walker,2,0,2,0,0,0,32,0,2
Mike Lullo,2,0,2,0,0,0,63,2,1
Ian Loveland,3,1,2,0,0,2,122,3,1
Chris Lytle,20,10,10,0,0,2,818,9,31
TJ O'Brien,2,0,2,0,0,0,60,1,0
Jason Reinhardt,3,0,3,0,0,0,4,1,0
Andre Winner,6,2,4,0,0,2,169,0,0
Javier Vazquez,1,1,0,0,0,0,62,3,1
Joe Stevenson,16,8,8,0,0,1,307,31,24
Curt Warburton,3,1,2,0,0,0,68,5,2
Shane Carwin,6,4,2,0,0,4,131,2,0
Jesse Bongfeldt,2,0,1,0,1,0,58,2,0
Tim Credeur,5,3,2,0,0,2,131,1,8
Chuck O'Neil,1,0,1,0,0,0,47,0,0
Ryan McGillivray,1,0,1,0,0,0,19,0,0
Kendall Grove,13,7,6,0,0,2,263,5,17
Randy Couture,24,16,8,0,0,1,778,52,11
Charlie Valencia,1,0,1,0,0,0,5,0,0
Ryan Jensen,8,2,6,0,0,1,100,4,5
Kyle Watson,2,1,1,0,0,0,97,0,0
Jon Madsen,5,4,1,0,0,0,140,5,0
Kris McCray,3,0,3,0,0,0,70,5,0
Sean McCorkle,3,1,2,0,0,0,12,2,4
Mario Miranda,4,1,3,0,0,1,86,3,0
Waylon Lowe,4,2,2,0,0,0,88,14,1
Ricardo Almeida,11,6,5,0,0,0,255,32,11
Kurt Pellegrino,12,7,5,0,0,3,304,24,7
Rob Kimmons,7,3,4,0,0,0,94,7,8
Todd Brown,2,0,2,0,0,0,43,0,0
Tom Blackledge,1,0,1,0,0,0,8,0,0
Chris Tuchscherer,4,1,3,0,0,0,34,2,1
Maciej Jewtuszko,1,0,1,0,0,0,30,0,0
Antonio Banuelos,1,0,1,0,0,0,10,0,0
Paul Kelly,9,5,4,0,0,1,325,9,10
Paul Taylor,9,4,5,0,0,4,495,2,4
Gabe Ruediger,3,0,3,0,0,0,25,2,0
Tim Hague,5,1,4,0,0,0,97,4,2
Mike Guymon,4,1,3,0,0,0,66,3,2
Willamy Freire,1,0,1,0,0,0,23,1,0
Amilcar Alves,2,0,2,0,0,0,14,0,0
Marcus Davis,15,9,6,0,0,6,356,14,12
Phil Baroni,10,3,7,0,0,5,253,8,3
Greg Soto,3,1,2,0,0,0,97,3,2
Antonio McKee,1,0,1,0,0,0,25,1,0
Joe Doerksen,9,2,7,0,0,1,119,12,14
Dustin Hazelett,10,5,5,0,0,0,122,2,15
Pat Audinwood,2,0,2,0,0,0,22,1,0
Aaron Wilkinson,1,0,1,0,0,0,0,1,0
Tyler Toner,1,0,1,0,0,0,21,0,0
Sako Chivitchian,1,0,1,0,0,0,36,0,0
Fredson Paixao,1,0,1,0,0,0,1,0,0
Maiquel Falcao,1,1,0,0,0,1,25,1,3
Gerald Harris,4,3,1,0,0,2,56,8,0
Brian Foster,5,3,2,0,0,1,81,6,3
Karo Parisyan,13,8,4,0,1,0,375,53,10
Goran Reljic,4,1,3,0,0,1,90,6,4
Nick Osipczak,5,2,3,0,0,2,177,5,4
Alexandre Ferreira,1,0,1,0,0,0,6,0,0
Mark Scanlon,1,0,1,0,0,0,33,3,2
Seth Petruzelli,4,0,4,0,0,2,66,1,5
Gilbert Yvel,3,0,3,0,0,0,36,0,2
James Wilks,4,2,2,0,0,0,86,4,12
Vinicius Queiroz,1,0,1,0,0,0,47,5,0
Mark Holst,2,0,2,0,0,0,5,1,3
James McSweeney,3,1,2,0,0,0,113,1,2
Matt Serra,14,7,7,0,0,5,333,23,10
Sean Sherk,12,8,4,0,0,0,415,50,4
Steve Lopez,2,0,2,0,0,0,29,0,0
Julio Paulino,2,0,2,0,0,0,29,0,1
John Gunderson,3,1,2,0,0,0,47,5,6
Tomasz Drwal,6,3,3,0,0,1,125,9,1
Forrest Petz,7,2,5,0,0,5,184,7,0
James Toney,1,0,1,0,0,0,0,0,0
John Salter,3,1,2,0,0,0,31,4,0
Rodney Wallace,3,0,3,0,0,0,51,18,3
James Irvin,10,4,6,0,0,3,59,0,1
Steve Steinbeiss,2,0,2,0,0,0,92,0,0
Keith Jardine,13,6,7,0,0,3,538,3,0
Jamie Yager,1,0,1,0,0,0,29,0,0
Josh Bryant,1,0,1,0,0,0,9,0,0
James Hammortree,1,0,1,0,0,0,29,2,1
Chuck Liddell,23,16,7,0,0,14,611,7,0
David Loiseau,9,4,5,0,0,4,166,3,1
Jesse Lennox,3,1,2,0,0,0,96,3,1
Dan Lauzon,3,0,3,0,0,1,35,3,0
Joe Brammer,2,0,2,0,0,0,40,1,0
Jesse Forbes,3,0,3,0,0,1,44,1,1
Paul Daley,3,2,1,0,0,1,46,0,0
Kevin Ferguson,2,1,1,0,0,0,32,6,1
Jonathan Goulet,9,4,5,0,0,2,81,14,2
Yoshiyuki Yoshida,5,2,3,0,0,0,18,2,4
Renzo Gracie,1,0,1,0,0,0,34,0,0
Brad Blackburn,5,3,2,0,0,5,294,4,3
Matt Veach,3,1,2,0,0,1,23,5,2
Mostapha Al-Turk,3,0,3,0,0,0,31,0,0
Nate Quarry,10,7,3,0,0,6,298,1,0
Ronys Torres,2,0,2,0,0,0,26,8,1
Rob Emerson,7,3,3,0,1,2,185,10,2
Caol Uno,10,3,5,0,2,0,266,20,2
Lucio Linhares,2,0,2,0,0,0,16,2,2
Rory Markham,3,1,2,0,0,1,11,0,0
Paul Buentello,6,3,3,0,0,3,132,1,2
Shannon Gugerty,5,2,3,0,0,0,44,5,8
Chase Gormley,2,0,2,0,0,0,10,1,1
Mark Coleman,12,7,5,0,0,0,243,25,8
Frank Trigg,7,2,5,0,0,1,74,2,2
Justin Buchholz,5,1,4,0,0,1,89,0,2
Rolles Gracie,1,0,1,0,0,0,15,1,0
Jay Silva,2,0,2,0,0,0,34,0,2
Kyle Bradley,4,1,3,0,0,0,46,1,0
Wilson Gouveia,10,6,4,0,0,4,201,4,10
Shane Nelson,4,2,2,0,0,1,63,4,5
Kevin Burns,5,2,3,0,0,2,145,1,3
Houston Alexander,6,2,4,0,0,3,92,1,0
Marcus Jones,1,0,1,0,0,0,10,3,1
Darrill Schoonover,1,0,1,0,0,0,16,0,1
Justin Wren,1,0,1,0,0,0,17,0,0
Jake Rosholt,3,1,2,0,0,0,28,7,2
Brock Larson,6,3,3,0,0,0,70,9,7
Jason Dent,4,1,3,0,0,0,89,0,4
Denis Kang,3,1,2,0,0,1,68,8,2
Rolando Delgado,3,1,2,0,0,1,40,2,6
Antoni Hardonk,8,4,4,0,0,3,174,0,3
Razak Al-Hassan,2,0,2,0,0,0,44,1,0
Hermes Franca,11,6,5,0,0,4,258,16,23
Drew McFedries,9,4,5,0,0,6,108,2,1
Roger Huerta,8,6,2,0,0,0,333,13,3
Chris Wilson,4,1,3,0,0,3,133,5,6
Justin McCully,4,2,2,0,0,1,74,4,0
Marcus Aurelio,6,2,4,0,0,1,153,5,3
Dan Cramer,2,1,1,0,0,0,29,0,1
Danillo Villefort,1,0,1,0,0,0,43,1,1
Jake O'Brien,7,4,3,0,0,1,92,30,1
Mike Ciesnolevicz,2,1,1,0,0,0,3,0,2
Frank Lester,1,0,1,0,0,0,8,0,0
Cameron Dollar,1,0,1,0,0,0,24,0,0
Dale Hartt,3,1,2,0,0,0,14,1,2
Denis Stojnic,2,0,2,0,0,0,23,0,1
Xavier Foupa-Pokam,2,0,2,0,0,0,23,0,0
Andre Gusmao,2,0,2,0,0,0,51,0,0
Brandon Wolff,2,0,2,0,0,0,2,0,0
David Kaplan,2,0,2,0,0,0,62,7,1
David Bielkheden,3,1,2,0,0,0,41,7,0
Ryo Chonan,4,1,3,0,0,0,152,2,0
Carmelo Marrero,4,1,3,0,0,0,27,6,0
Junie Browning,2,1,1,0,0,0,32,2,2
Matt Horwich,2,0,2,0,0,0,40,0,8
Jesse Sanders,1,0,1,0,0,0,0,0,0
Nissen Osterneck,1,0,1,0,0,0,35,1,1
Joe Vedepo,2,0,2,0,0,0,11,1,0
Tim McKenzie,1,0,1,0,0,0,1,0,0
Pete Sell,7,2,5,0,0,1,171,4,4
Ryan Madigan,1,0,1,0,0,0,0,0,0
Jason Day,3,1,2,0,0,0,42,0,0
Michael Patt,2,0,2,0,0,0,14,0,0
Brian Cobb,1,0,1,0,0,0,0,2,0
Per Eklund,3,1,2,0,0,0,60,4,7
Neil Grove,1,0,1,0,0,0,0,0,1
Troy Mandaloniz,2,1,1,0,0,2,68,4,0
Luigi Fioravanti,9,4,5,0,0,2,214,24,6
Rich Clementi,10,5,5,0,0,0,171,14,8
Derek Downey,1,0,1,0,0,0,2,1,0
Steve Bruno,3,1,2,0,0,0,37,5,1
Akihiro Gono,3,1,2,0,0,1,90,4,1
Christian Wellisch,5,2,3,0,0,1,115,3,3
Matt Arroyo,3,1,2,0,0,0,46,4,10
Jeremy Horn,13,6,7,0,0,0,155,11,12
Tom Egan,1,0,1,0,0,0,0,0,0
Alexandre Barros,1,0,1,0,0,0,8,1,0
Antonio Mendes,2,0,2,0,0,1,8,1,0
Ivan Serati,1,0,1,0,0,0,3,0,0
Nate Mohr,4,1,3,0,0,0,126,1,0
Dean Lister,6,4,2,0,0,0,86,8,5
Mike Wessel,1,0,1,0,0,0,13,3,0
Reese Andy,2,0,2,0,0,0,64,1,0
Dan Evensen,2,0,2,0,0,0,2,0,2
Shane Primm,1,0,1,0,0,0,7,1,0
Jules Bruchez,1,0,1,0,0,0,1,0,0
John Polakowski,1,0,1,0,0,0,1,0,1
Nate Loughran,2,1,1,0,0,0,26,0,2
Brodie Farber,2,0,2,0,0,0,28,1,1
Johnny Rees,2,0,2,0,0,0,43,1,0
Corey Hill,3,1,2,0,0,0,71,4,0
Eddie Sanchez,6,3,3,0,0,4,183,4,0
Josh Hendricks,1,0,1,0,0,0,1,0,0
Jorge Gurgel,7,3,4,0,0,0,356,6,1
Alvin Robinson,4,1,3,0,0,0,57,3,3
Ryan Thomas,2,0,2,0,0,0,27,5,2
Rameau Thierry Sokoudjou,3,1,2,0,0,1,60,2,2
Neil Wain,1,0,1,0,0,0,4,0,0
Jess Liaudin,5,2,3,0,0,2,90,8,4
David Baron,1,0,1,0,0,0,7,0,1
Samy Schiavo,2,0,2,0,0,0,27,1,1
Brad Morris,2,0,2,0,0,0,5,0,0
Jason Lambert,8,4,4,0,0,3,143,4,7
Heath Herring,5,2,3,0,0,5,172,5,1
Luke Cummo,7,3,4,0,0,4,147,5,8
Cale Yarbrough,1,0,1,0,0,0,6,0,0
James Giboo,1,0,1,0,0,0,9,0,0
Evan Tanner,17,11,6,0,0,1,388,21,15
Dante Rivera,1,0,1,0,0,0,34,0,0
Marvin Eastman,5,1,4,0,0,0,69,2,0
Rob Yundt,2,0,2,0,0,0,7,1,0
Ivan Salaverry,7,3,4,0,0,1,115,2,10
Kazuhiro Nakamura,2,0,2,0,0,0,21,2,0
War Machine,2,1,1,0,0,0,30,1,0
Jason Tan,2,0,2,0,0,0,8,0,0
Travis Lutter,6,2,4,0,0,1,19,6,2
Kalib Starnes,5,2,3,0,0,0,139,5,2
Charles McCarthy,3,1,2,0,0,0,3,3,3
Kuniyoshi Hironaka,4,1,3,0,0,1,66,8,3
Din Thomas,9,5,4,0,0,1,182,9,8
Ryan Roberts,1,0,1,0,0,0,0,0,0
Jeff Cox,2,0,2,0,0,0,2,1,0
Roman Mitichyan,2,1,1,0,0,0,2,1,1
Tommy Speer,2,0,2,0,0,0,4,0,0
John Halverson,2,0,2,0,0,0,45,0,2
Tim Sylvia,13,9,4,0,0,5,585,1,1
David Heath,5,2,3,0,0,0,68,1,3
Terry Martin,6,2,4,0,0,1,133,9,0
Alberto Crane,2,0,2,0,0,1,8,0,5
Joe Veres,2,0,2,0,0,0,0,0,0
Colin Robinson,2,0,2,0,0,0,36,1,2
James Lee,1,0,1,0,0,0,0,2,0
Jordan Radev,2,0,2,0,0,0,21,0,0
Tony DeSouza,6,3,3,0,0,0,45,6,4
Doug Evans,2,0,2,0,0,0,42,5,1
Jared Rollins,1,0,1,0,0,1,40,2,1
Billy Miles,1,0,1,0,0,0,0,0,0
Dan Barrera,1,0,1,0,0,0,12,1,0
Richie Hightower,1,0,1,0,0,0,20,1,0
John Kolosci,1,0,1,0,0,0,1,0,0
Dorian Price,1,0,1,0,0,0,0,0,0
Paul Georgieff,1,0,1,0,0,0,12,0,0
Luke Caudillo,2,0,2,0,0,1,34,0,0
Jason Black,2,0,2,0,0,0,10,0,9
Diego Saraiva,3,0,3,0,0,0,74,4,2
Scott Junk,1,0,1,0,0,0,17,0,0
Edilberto de Oliveira,2,0,2,0,0,0,51,0,0
Anthony Torres,2,1,1,0,0,0,24,0,1
Renato Sobral,10,6,4,0,0,0,162,16,17
Mike Nickels,2,1,1,0,0,0,24,4,1
Jason Gilliam,2,0,2,0,0,0,3,0,0
Jens Pulver,9,6,2,0,1,1,228,4,4
Floyd Sword,1,0,1,0,0,0,3,0,0
Brandon Melendez,1,0,1,0,0,0,6,0,0
Andy Wang,1,0,1,0,0,0,4,0,0
Allen Berube,1,0,1,0,0,0,4,2,1
Brian Geraghty,1,0,1,0,0,0,1,0,0
Hector Ramirez,2,0,2,0,0,0,53,5,1
Rory Singer,4,2,2,0,0,0,97,1,2
Scott Smith,4,1,3,0,0,2,66,0,2
Stevie Lynch,1,0,1,0,0,0,7,0,0
Pete Spratt,7,3,4,0,0,0,61,1,1
Chad Reiner,2,0,2,0,0,0,8,1,2
Sean Salmon,2,0,2,0,0,0,11,2,0
Elvis Sinosic,7,1,6,0,0,1,55,0,4
Assuerio Silva,3,0,3,0,0,0,58,7,0
David Lee,2,0,2,0,0,0,13,0,0
Victor Valimaki,2,0,2,0,0,0,66,1,0
Brad Imes,3,0,3,0,0,0,119,5,3
Josh Haynes,3,0,3,0,0,1,40,2,0
Dokonjonosuke Mishima,2,0,2,0,0,0,7,2,2
Drew Fickett,7,4,3,0,0,1,155,6,8
Rex Holman,1,0,1,0,0,0,11,0,0
Sam Hoger,5,2,3,0,0,1,72,5,6
Chris Price,2,0,2,0,0,0,10,0,1
Ross Pointon,2,0,2,0,0,1,27,0,0
Marcio Cruz,4,2,2,0,0,0,83,1,3
Jeff Joslin,1,0,1,0,0,0,18,0,1
Shonie Carter,6,3,3,0,0,2,113,10,0
Dave Menne,6,2,4,0,0,0,143,2,12
Logan Clark,1,1,0,0,0,0,40,0,2
Steve Byrnes,1,0,1,0,0,0,18,3,4
Jeff Monson,7,4,3,0,0,1,116,8,3
Sherman Pendergarst,1,0,1,0,0,0,4,1,0
Josh Shockman,1,0,1,0,0,0,13,0,0
Edwin DeWees,3,0,3,0,0,0,15,2,3
Jeremy Jackson,2,0,2,0,0,0,14,2,0
Gideon Ray,3,0,3,0,0,0,21,1,0
Justin James,1,0,1,0,0,0,13,0,1
Ken Shamrock,15,7,6,0,2,1,118,8,11
Crafton Wallace,2,0,2,0,0,0,5,0,0
Mario Neto,1,0,1,0,0,0,10,1,0
Danny Abbadi,2,0,2,0,0,0,59,0,0
Rob MacDonald,3,1,2,0,0,0,15,4,3
Wes Combs,2,0,2,0,0,0,14,0,0
Cory Walmsley,1,0,1,0,0,0,2,0,0
Yuki Sasaki,1,0,1,0,0,0,26,0,0
Jason Von Flue,3,1,2,0,0,0,45,2,3
Kristof Midoux,1,0,1,0,0,0,2,0,0
Sammy Morgan,2,0,2,0,0,0,9,0,1
Dan Christison,2,1,1,0,0,0,121,0,2
Joe Jordan,1,0,1,0,0,0,20,0,0
Gilbert Aldana,2,0,2,0,0,0,34,2,0
Branden Lee Hinkle,3,1,2,0,0,0,36,4,4
Kristian Rothaermel,1,0,1,0,0,0,3,0,0
Justin Levens,2,0,2,0,0,0,2,0,1
Solomon Hutcherson,1,0,1,0,0,0,11,1,0
Royce Gracie,13,11,1,0,1,0,37,6,14
Fabiano Scherner,2,0,2,0,0,0,18,1,0
Rick Davis,1,0,1,0,0,0,5,0,0
Nick Thompson,2,1,1,0,0,0,50,2,3
David Terrell,3,2,1,0,0,1,19,3,3
Derrick Noble,1,0,1,0,0,0,18,0,0
Ansar Chalangov,2,0,2,0,0,0,4,0,3
Trevor Prangley,4,2,2,0,0,0,111,14,4
Steve Vigneault,1,0,1,0,0,0,6,0,0
Tom Murphy,1,1,0,0,0,0,30,6,2
Icho Larenas,1,0,1,0,0,0,2,0,0
Justin Eilers,4,1,3,0,0,1,20,0,0
Mike van Arsdale,4,2,2,0,0,0,70,3,1
Mike Whitehead,1,0,1,0,0,0,27,5,0
Alex Karalexis,3,1,2,0,0,0,42,1,3
Kevin Jordan,2,0,2,0,0,0,36,0,0
Jeff Newton,1,0,1,0,0,0,2,0,4
Kit Cope,1,0,1,0,0,0,8,0,0
Kerry Schall,1,0,1,0,0,0,8,0,0
Sean Gannon,1,0,1,0,0,0,0,0,0
Keigo Kunihara,1,0,1,0,0,0,1,2,1
Ron Faircloth,1,0,0,0,1,0,2,0,0
Tra Telligman,5,1,4,0,0,1,70,0,1
Brian Gassaway,1,0,1,0,0,0,3,0,0
Matt Lindland,12,9,3,0,0,0,288,27,9
Bill Mahood,1,0,1,0,0,0,1,0,0
Koji Oishi,2,0,2,0,0,0,3,3,0
Travis Wiuff,2,0,2,0,0,0,3,2,1
John Marsh,1,0,1,0,0,1,18,1,1
Bobby Southworth,1,0,1,0,0,0,21,1,0
Jason Thacker,1,0,1,0,0,0,1,0,0
Chris Sanford,1,0,1,0,0,0,1,0,1
Lodune Sincaid,1,0,1,0,0,0,10,0,0
Alex Schoenauer,1,0,1,0,0,0,1,0,0
Josh Rafferty,1,0,1,0,0,0,1,0,1
Mike Kyle,3,2,1,0,0,2,30,1,1
Renato Verissimo,3,1,2,0,0,0,33,3,7
Tony Fryklund,4,2,2,0,0,1,69,1,2
Vernon White,2,0,1,0,1,0,58,1,0
Ronald Jhun,1,0,1,0,0,0,8,1,0
Kimo Leopoldo,6,2,4,0,0,0,37,4,3
Curtis Stout,2,0,2,0,0,0,7,0,0
Tiki Ghosn,4,0,4,0,0,0,59,0,0
Wesley Correira,4,2,2,0,0,1,65,0,0
Wes Sims,3,0,3,0,0,0,19,0,3
Jonathan Wiezorek,1,1,0,0,0,0,10,1,0
Wade Shipp,1,0,1,0,0,0,20,0,0
Genki Sudo,3,2,1,0,0,0,39,6,7
Carlos Newton,7,3,4,0,0,2,44,10,8
Lee Murray,1,1,0,0,0,0,0,0,2
Falaniko Vitale,2,1,1,0,0,0,5,0,0
David Abbott,18,8,10,0,0,4,156,10,4
Pedro Rizzo,14,9,5,0,0,8,286,2,0
Ricco Rodriguez,7,5,2,0,0,0,178,17,6
Keith Rockel,2,1,1,0,0,0,11,3,3
Chris Liguori,1,0,1,0,0,0,1,0,0
Nick Agallar,1,0,1,0,0,0,5,0,0
Gan McGee,4,2,2,0,0,0,43,2,0
Dave Strasser,2,1,1,0,0,0,62,1,0
Gerald Strebendt,1,0,1,0,0,0,0,0,3
Ian Freeman,6,3,2,0,1,0,99,3,2
Eddie Ruiz,1,0,1,0,0,0,3,2,0
Romie Aram,1,0,1,0,0,1,24,2,0
Sean Alvarez,1,0,1,0,0,0,6,0,0
Richard Crunkilton,1,0,1,0,0,0,29,4,0
Mark Weir,3,1,2,0,0,2,25,0,3
Alexandre Dantas,2,0,2,0,0,0,15,2,1
Gil Castillo,3,1,2,0,0,0,27,10,0
Phillip Miller,2,2,0,0,0,0,40,6,1
Benji Radach,3,1,1,0,1,2,43,0,0
Eugene Jackson,7,3,4,0,0,2,51,2,5
Leigh Remedios,1,0,1,0,0,0,5,0,0
James Zikic,1,0,1,0,0,0,29,0,1
Chris Haseman,1,0,1,0,0,0,14,0,2
Nick Serra,1,0,1,0,0,0,0,1,2
Zach Light,1,0,1,0,0,0,2,1,0
Steve Berger,3,0,2,0,1,0,13,1,3
Rodrigo Ruas,1,0,1,0,0,0,11,0,0
Joao Pierini,1,0,1,0,0,0,1,0,0
Murilo Bustamante,4,3,1,0,0,2,52,10,3
Tsuyoshi Kohsaka,6,3,3,0,0,0,113,7,8
Paul Creighton,1,0,1,0,0,0,6,3,0
Amar Suloev,2,0,2,0,0,0,35,1,1
Andrei Semenov,2,1,1,0,0,1,10,1,1
Hayato Sakurai,1,0,1,0,0,1,5,0,0
Pat Miletich,10,8,2,0,0,1,147,10,5
Pete Williams,8,3,5,0,0,2,71,3,6
Kelly Dullanty,1,0,1,0,0,0,0,0,0
Jutaro Nakao,2,1,1,0,0,1,12,0,0
Kevin Randleman,7,4,3,0,0,0,97,21,5
Chris Brennan,3,1,2,0,0,0,10,1,2
Bobby Hoffman,3,0,2,0,1,1,36,5,1
Homer Moore,1,0,1,0,0,0,4,2,0
Roberto Traven,2,1,1,0,0,0,1,0,0
Fabiano Iha,7,3,4,0,0,0,45,6,8
Semmy Schilt,2,1,1,0,0,2,16,0,0
Yuki Kondo,3,1,2,0,0,2,36,0,0
Paul Rodriguez,1,0,1,0,0,0,2,0,0
Joey Gilbert,1,0,1,0,0,0,3,0,0
Phil Johns,1,0,1,0,0,0,2,0,0
Mark Robinson,1,0,0,0,1,0,0,0,0
Kenichi Yamamoto,3,2,1,0,0,0,24,0,1
Yoji Anjo,3,0,3,0,0,0,9,0,1
Daiju Takase,3,0,3,0,0,0,5,0,0
Lance Gibson,2,1,1,0,0,1,39,2,1
Maurice Smith,7,4,3,0,0,0,137,0,3
Aaron Brink,1,0,1,0,0,0,0,0,0
John Lewis,2,1,1,0,0,0,20,1,0
Mark Hughes,1,1,0,0,0,0,9,2,3
Alex Stiebling,1,0,1,0,0,0,4,0,1
Ben Earwood,1,1,0,0,0,0,5,2,0
Dan Severn,13,9,4,0,0,0,118,9,6
Laverne Clark,5,4,1,0,0,1,35,2,0
Tedd Williams,2,1,1,0,0,1,34,1,0
Tim Lajcik,3,0,2,0,1,0,29,0,0
Brad Gumm,2,0,1,0,1,0,30,0,1
CJ Fernandes,1,0,0,0,1,0,28,1,0
Tyrone Roberts,1,1,0,0,0,0,16,1,0
David Dodd,2,0,2,0,0,0,10,0,0
Amaury Bitetti,2,1,1,0,0,0,8,0,0
Alex Andrade,1,0,1,0,0,1,12,0,0
Marcelo Aguiar,1,0,1,0,0,0,2,0,0
Joao Roque,1,0,1,0,0,0,5,1,0
Nate Schroeder,1,0,1,0,0,0,9,1,0
Adrian Serrano,1,0,1,0,0,0,6,0,0
Sanae Kikuta,1,1,0,0,0,0,8,2,2
Ron Waterman,4,2,1,0,1,0,93,6,3
Satoshi Honma,1,0,1,0,0,0,6,0,1
Ikuhisa Minowa,1,1,0,0,0,0,3,3,0
Joe Slick,2,1,1,0,0,0,10,1,4
Steve Judson,2,0,2,0,0,0,14,0,0
Jermaine Andre,1,0,1,0,0,1,27,0,0
Bob Cook,1,1,0,0,0,0,22,1,2
David Velasquez,1,0,1,0,0,0,20,0,0
Scott Adams,1,1,0,0,0,0,0,1,4
Katsuhisa Fujii,2,1,1,0,0,1,45,2,0
Jason DeLucia,4,2,2,0,0,0,7,2,6
Keiichiro Yamamiya,1,0,1,0,0,0,14,0,0
Masutatsu Yano,1,0,1,0,0,0,18,1,0
Frank Shamrock,5,5,0,0,0,2,77,1,9
Jason Godsey,2,0,2,0,0,0,3,1,0
Brad Kohler,2,1,1,0,0,1,15,4,0
Paul Jones,2,1,1,0,0,0,26,0,2
Valeri Ignatov,2,0,2,0,0,0,9,0,1
Lowell Anderson,1,0,1,0,0,0,9,0,0
Alfonso Alcarez,1,0,0,0,1,0,34,1,0
Marco Ruas,6,4,2,0,0,1,60,3,8
Andre Pederneiras,1,0,1,0,0,0,10,0,0
Flavio Luiz Moura,1,0,1,0,0,1,1,0,0
Royce Alger,2,0,2,0,0,0,14,2,0
Andre Roberts,3,2,1,0,0,1,12,0,0
Travis Fulton,2,1,1,0,0,1,31,1,0
Bas Rutten,2,2,0,0,0,1,49,0,1
Tony Petarra,1,0,1,0,0,0,4,0,0
Marcelo Mello,1,1,0,0,0,0,7,1,0
David Roberts,1,0,1,0,0,0,0,0,0
Chris Condo,1,0,1,0,0,0,0,0,0
Guy Mezger,5,4,1,0,0,1,68,1,4
Gary Goodridge,8,4,4,0,0,0,44,4,1
Sione Latu,1,1,0,0,0,0,9,1,0
Joey Roberts,1,0,1,0,0,0,17,1,2
Jorge Patino,1,0,1,0,0,0,19,1,1
Jerry Bohlander,7,5,2,0,0,0,42,3,5
Mikey Burnett,3,2,1,0,0,1,108,3,4
Townsend Saunders,2,0,2,0,0,0,47,2,0
Darrel Gholar,1,0,1,0,0,0,4,1,0
Frank Caracci,1,0,1,0,0,0,0,0,1
John Lober,1,0,1,0,0,0,4,3,1
Ebenezer Fontes Braga,1,1,0,0,0,0,9,1,1
Tulio Palhares,1,1,0,0,0,0,31,4,0
Adriano Santos,1,0,1,0,0,0,11,2,0
Cesar Marscucci,1,1,0,0,0,0,0,0,0
Paulo Santos,1,0,1,0,0,0,0,0,0
Hugo Duarte,1,0,1,0,0,0,0,1,0
Joe Pardo,1,0,1,0,0,0,4,0,1
Bob Gilstrap,1,0,1,0,0,0,0,0,0
Allan Goes,1,0,1,0,0,1,36,0,0
Harry Moskowitz,2,0,2,0,0,0,12,1,4
Noe Hernandez,1,0,1,0,0,0,9,1,0
Igor Zinoviev,1,0,1,0,0,0,0,0,0
Kevin Jackson,4,2,2,0,0,0,25,5,1
Eugenio Tadeu,1,0,1,0,0,0,6,0,0
Courtney Turner,1,0,1,0,0,0,0,0,0
Josh Stuart,1,0,1,0,0,0,0,0,0
Kazushi Sakuraba,2,1,0,0,1,0,1,1,2
Marcus Silveira,2,0,1,0,1,0,5,2,2
Joe Charles,4,2,2,0,0,0,2,0,0
Mark Kerr,4,4,0,0,0,1,23,3,1
Dwayne Cason,2,1,1,0,0,0,11,1,0
Dave Beneteau,6,3,3,0,0,0,42,6,0
Carlos Barreto,1,0,1,0,0,0,11,2,0
Greg Stott,1,0,1,0,0,0,0,0,0
Houston Dorr,1,0,1,0,0,0,1,0,0
Alex Hunter,2,2,0,0,0,0,18,2,0
Dan Bobish,2,1,1,0,0,0,9,1,1
Brian Johnston,6,2,4,0,0,0,29,2,1
Moti Horenstein,2,0,2,0,0,0,1,0,0
Todd Butler,1,0,1,0,0,0,1,0,0
Joe Moreira,2,1,1,0,0,0,19,3,0
Yuri Vaulin,1,0,1,0,0,0,1,0,0
Sam Fulton,2,0,2,0,0,0,1,0,0
Donnie Chappell,1,0,1,0,0,0,0,0,0
Steven Graham,2,1,1,0,0,0,0,1,1
Tony Halme,1,0,1,0,0,0,0,0,0
Dmitri Stepanov,1,0,1,0,0,0,1,0,0
Enson Inoue,1,1,0,0,0,0,0,0,1
Christophe Leninger,2,0,2,0,0,0,4,0,1
Jack Nilson,2,1,1,0,0,0,11,0,0
Saeed Hosseini,1,0,1,0,0,0,1,0,1
Wes Albritton,1,0,1,0,0,0,0,0,0
Scott Ferrozzo,5,3,2,0,0,0,99,4,2
Nick Sanzo,2,1,1,0,0,0,0,0,0
Jim Mullen,1,0,1,0,0,0,3,0,0
Yoshiki Takahashi,1,1,0,0,0,0,20,1,0
Wallid Ismail,1,0,1,0,0,0,1,1,0
Rainy Martinez,1,0,1,0,0,0,0,0,0
Justin Martin,1,1,0,0,0,0,0,0,0
Eric Martin,1,0,1,0,0,0,0,0,0
Jackie Lee,1,0,1,0,0,0,0,0,0
Don Frye,10,9,1,0,0,1,127,4,3
Steve Nelmark,3,2,1,0,0,0,15,2,1
Mark Hall,7,4,3,0,0,0,8,0,0
Paul Varelans,8,4,4,0,0,1,56,2,3
Cal Worsham,3,1,2,0,0,0,23,1,0
Tai Bowden,2,1,1,0,0,0,4,0,0
Marcus Bossett,3,1,2,0,0,0,1,0,0
Felix Lee Mitchell,3,0,3,0,0,0,3,0,0
Fabio Gurgel,1,0,1,0,0,0,2,1,1
Sam Adkins,4,2,2,0,0,0,0,0,0
Reza Nasri,1,0,1,0,0,0,0,0,0
Julian Sanchez,1,0,1,0,0,0,0,0,0
Dave Berry,1,0,1,0,0,0,0,0,0
John Campetella,1,0,1,0,0,0,5,0,0
Scott Fiedler,1,0,1,0,0,0,3,0,0
Geza Kalman,2,1,1,0,0,0,21,0,1
Dieusel Berto,1,0,1,0,0,0,3,0,0
Koji Kitao,1,0,1,0,0,0,1,1,0
Mark Schultz,1,1,0,0,0,0,8,3,0
Rafael Carino,1,1,0,0,0,0,8,1,0
Matt Andersen,1,0,1,0,0,0,0,0,0
Zane Frazier,2,0,2,0,0,0,13,0,0
Paul Herrera,1,0,1,0,0,0,0,0,0
Thomas Ramirez,1,0,1,0,0,0,1,0,0
Keith Mielke,1,0,1,0,0,0,0,0,0
Oleg Taktarov,9,6,2,0,1,0,22,0,11
Keith Hackney,4,2,2,0,0,1,47,0,1
Steve Jennum,3,2,1,0,0,0,19,3,1
Trent Jenkins,2,0,2,0,0,0,1,0,0
Scott Bessac,2,1,1,0,0,0,1,0,2
Remco Pardoel,5,3,2,0,0,0,13,4,4
Larry Cureton,2,0,2,0,0,0,7,0,1
Ryan Parker,1,0,1,0,0,0,0,0,0
Harold Howard,3,1,2,0,0,1,15,1,1
Gerry Harris,1,0,1,0,0,0,0,0,0
David Hood,1,0,1,0,0,0,2,0,0
Onassis Parungao,1,1,0,0,0,0,0,0,0
Francesco Maturi,1,0,1,0,0,0,0,0,0
Joel Sutton,2,2,0,0,0,0,0,0,0
Anthony Macias,3,1,2,0,0,0,8,0,0
Patrick Smith,6,4,2,0,0,1,30,2,3
Rudyard Moncayo,1,0,1,0,0,0,0,0,0
John Matua,1,0,1,0,0,0,0,0,0
He-Man Gipson,1,0,1,0,0,0,0,0,0
Jack McGlaughlin,1,0,1,0,0,0,0,0,0
Todd Medina,2,1,1,0,0,0,4,1,1
Ernie Verdicia,1,0,1,0,0,0,2,0,0
Jon Hess,1,1,0,0,0,0,17,0,0
Andy Anderson,1,0,1,0,0,0,2,0,0
John Dowdy,1,0,1,0,0,0,0,0,0
Asbel Cancio,1,0,1,0,0,0,0,0,0
Melton Bowen,1,0,1,0,0,0,1,0,0
Joe Son,1,0,1,0,0,0,0,1,1
Ron van Clief,1,0,1,0,0,0,0,0,0
Jason Fairn,1,0,1,0,0,1,9,0,0
Eldo Xavier Dias,1,0,1,0,0,0,0,0,0
Kevin Rosier,3,1,2,0,0,2,15,0,0
Roland Payne,1,0,1,0,0,0,3,1,0
Emmanuel Yarborough,1,0,1,0,0,0,1,0,0
Johnny Rhodes,3,2,1,0,0,1,28,1,1
Orlando Wiet,2,1,1,0,0,0,9,0,0
Fred Ettish,1,0,1,0,0,0,4,0,0
Scott Morris,2,1,1,0,0,0,1,1,1
Minoki Ichihara,1,0,1,0,0,0,3,0,0
Scott Baker,1,0,1,0,0,0,0,1,0
Alberta Cerra Leon,1,0,1,0,0,0,1,0,0
Robert Lucarelli,1,0,1,0,0,0,2,1,1
Frank Hamaker,1,1,0,0,0,0,2,1,3
Thaddeus Luster,1,0,1,0,0,0,0,0,0
David Levicki,1,0,1,0,0,0,4,0,0
Ray Wizard,1,0,1,0,0,0,1,0,0
Sean Daugherty,1,0,1,0,0,0,0,0,0
Gerard Gordeau,3,2,1,0,0,1,14,0,0
Art Jimmerson,1,0,1,0,0,0,0,0,0
Teila Tuli,1,0,1,0,0,0,0,0,0
